Test,Diagnosis,Mean,SD,CI_Lower,CI_Upper
Full Cohort (N=209),DEMENTIA,-4.793026451963377e-06,0.004443842075999612,-0.010144077212341203,0.009659630840477385
Full Cohort (N=209),EPILEPSY,-0.00025507185943727254,0.005547398012932079,-0.014802674763510456,0.01088159099064483
Full Cohort (N=209),HYDROCEPHALUS,-0.0019868209754917735,0.004839139943182671,-0.0152042969294825,0.004030340995400453
Full Cohort (N=209),PARKINSON,0.0010158536689715471,0.004786269472110586,-0.006883235010072557,0.014840990410942532
Unenhanced Scans Only (N=126),DEMENTIA,-0.0038769922811999324,0.00898702345548158,-0.026299585895900788,0.011192385690544586
Unenhanced Scans Only (N=126),EPILEPSY,-0.0006181279877908355,0.012874292954579812,-0.03190289326722878,0.02975459045015636
Unenhanced Scans Only (N=126),HYDROCEPHALUS,-0.008560713656987183,0.01233256970725825,-0.040578541806301174,0.004848926589400035
Unenhanced Scans Only (N=126),PARKINSON,-0.0013740921621610783,0.008302708914819575,-0.021870570356555458,0.01594386304690587
Site-Pruned: Excl. RSUTH (N=127),DEMENTIA,-0.0035180113012385347,0.0072229376212559595,-0.024607666474377708,0.0018306050364561958
Site-Pruned: Excl. RSUTH (N=127),EPILEPSY,-0.0002092178589945695,0.005123035750454656,-0.014073647622269389,0.011282746563831322
Site-Pruned: Excl. RSUTH (N=127),HYDROCEPHALUS,0.0003003765621232232,0.004742700166255036,-0.010555921152244099,0.012726716049369358
Site-Pruned: Excl. RSUTH (N=127),PARKINSON,-0.003403491572487957,0.0076792593141924445,-0.027032278740284844,0.0025943998208961976
