Model,Diagnosis,Effect_Mean,Effect_SE,CI_Lower,CI_Upper
Model 0: Naive OLS,CONTROL,0.0,0.009989731768795735,-0.01957987426683964,0.01957987426683964
Model 0: Naive OLS,DEMENTIA,-0.033454646192013326,0.010538175769711612,-0.05410947070064809,-0.012799821683378565
Model 0: Naive OLS,EPILEPSY,-0.04923627820914345,0.011251083617354114,-0.07128840209915752,-0.027184154319129385
Model 0: Naive OLS,HYDROCEPHALUS,0.01384819924642633,0.008378753641357149,-0.002574157890633682,0.03027055638348634
Model 0: Naive OLS,PARKINSON,0.016095609765149343,0.019342155683159935,-0.02181501537384413,0.054006234904142816
Model 1: Covariate-Adjusted OLS,CONTROL,0.0,0.0,0.0,0.0
Model 1: Covariate-Adjusted OLS,DEMENTIA,-0.03561587302206064,0.015136958378702763,-0.06528431144431805,-0.005947434599803222
Model 1: Covariate-Adjusted OLS,EPILEPSY,-0.0210657720000317,0.03208255564822758,-0.08394758107055775,0.041816037070494354
Model 1: Covariate-Adjusted OLS,HYDROCEPHALUS,0.008943732341940132,0.01537805782854935,-0.021197261002016594,0.039084725685896854
Model 1: Covariate-Adjusted OLS,PARKINSON,0.008772243941434329,0.019780259958977118,-0.029997065578160825,0.04754155346102948
