participant_id,diagnosis,target_thickness_mm,is_reference,bpf,vbr,evans_index,asymmetry_index,brain_vol_cm3,ventricle_vol_cm3,subcortical_proxy_vol_cm3,bpf_bias,bpf_rel_error_pct,vbr_bias,vbr_rel_error_pct,evans_index_bias,evans_index_rel_error_pct,asymmetry_index_bias,asymmetry_index_rel_error_pct,subcortical_proxy_vol_cm3_bias,subcortical_proxy_vol_cm3_rel_error_pct
sub-con001,CONTROL,1.0,True,0.9015649062814166,0.012584534538127988,0.5497835497835498,-0.024484468871810328,4303.171956105187,54.1534161051095,5.286712630331749,0.0,0.0,0.0,0.0,0.0,0.0,0.0,0.0,0.0,0.0
sub-con001,CONTROL,3.0,False,0.9143947490714293,0.009427606141738019,0.5497835497835498,-0.0240275024707257,4372.477756802377,41.22199815464297,5.617824568353819,0.012829842790012647,1.4230636863329627,-0.0031569283963899693,25.08577799858443,0.0,0.0,0.00045696640108462694,1.8663521086656916,0.33111193802206973,6.263096959769723
sub-con001,CONTROL,4.0,False,0.9100152826192344,0.007928817901697614,0.5497835497835498,-0.021741468650102135,4444.11076424579,35.236544984679085,5.826256855873813,0.008450376337817755,0.9373009396153265,-0.004655716636430374,36.995541013652264,0.0,0.0,0.0027430002217081924,11.203021131760336,0.5395442255420635,10.205665850769087
sub-con001,CONTROL,5.0,False,0.9085220351329228,0.007924924363904327,0.5497835497835498,-0.02638052091604004,4427.603993853631,35.088426764610745,4.086996094461905,0.0069571288515062335,0.771672544376369,-0.004659610174223661,37.02648008240757,0.0,0.0,-0.0018960520442297124,7.7438969746764315,-1.199716535869844,22.693053694400636
sub-con001,CONTROL,6.0,False,0.9195794496992915,0.009561827725023356,0.5497835497835498,-0.023988984726437783,4374.435707345774,41.827600627830975,4.647875891784404,0.018014543417874895,1.9981415971676912,-0.0030227068131046322,24.019218223340623,0.0,0.0,0.0004954841453725448,2.0236671171699783,-0.6388367385473455,12.083818115668176
sub-dem001,DEMENTIA,1.0,True,0.8141238715159641,0.027152186155917735,0.5555555555555556,0.21450351491234224,5288.479804992676,143.59378814697266,0.00476837158203125,0.0,0.0,0.0,0.0,0.0,0.0,0.0,0.0,0.0,0.0
sub-dem001,DEMENTIA,3.0,False,0.8598740881105581,0.036663620737717534,0.5555555555555556,0.22676994841294187,5316.404342651367,194.91863250732422,0.0,0.045750216594593995,5.619564564468969,0.009511434581799798,35.030087548684584,0.0,0.0,0.012266433500599638,5.718523309798615,-0.00476837158203125,100.0
sub-dem001,DEMENTIA,4.0,False,0.8627985776828144,0.033535471980188414,0.5555555555555556,0.22801867036422047,5348.236083984375,179.35562133789062,0.0,0.04867470616685032,5.978783803036522,0.0063832858242706784,23.509288672431484,0.0,0.0,0.01351515545187823,6.300668526294897,-0.00476837158203125,100.0
sub-dem001,DEMENTIA,5.0,False,0.8658728626965965,0.040398416233605544,0.5555555555555556,0.2254974744166412,5241.1651611328125,211.73477172851562,0.0,0.051748991180632364,6.356402630016435,0.013246230077687809,48.78513281259614,0.0,0.0,0.010993959504298961,5.125305060288494,-0.00476837158203125,100.0
sub-dem001,DEMENTIA,6.0,False,0.8611091161489209,0.034377659113991134,0.5555555555555556,0.22934627233127888,5420.001983642578,186.3269805908203,0.0,0.046985244632956835,5.7712648255193075,0.0072254729580733985,26.61101731028987,0.0,0.0,0.014842757418936647,6.9195870403346085,-0.00476837158203125,100.0
sub-dem005,DEMENTIA,1.0,True,0.8004547148731426,0.008615289605738404,0.6140350877192983,-0.0007552820819111391,7673.193466577795,66.10678391542751,30.384270350332372,0.0,0.0,0.0,0.0,0.0,0.0,0.0,0.0,0.0,0.0
sub-dem005,DEMENTIA,3.0,False,0.847924438612254,0.00631237247036906,0.6104651162790697,0.0025484505494101964,8178.894786071777,51.62823028564453,22.802384948730467,0.0474697237391114,5.930344697467924,-0.002302917135369344,26.730582960733386,-0.0035699714402285254,0.581395348837217,0.0033037326313213357,437.4170538988145,-7.581885401601905,24.953323921168202
sub-dem005,DEMENTIA,4.0,False,0.8547504541101248,0.004220030073272723,0.5833333333333334,0.005067110391089791,8104.92357788086,34.20302124023438,28.489910888671876,0.05429573923698228,6.7831119272733815,-0.004395259532465681,51.016967897842015,-0.030701754385964897,4.999999999999997,0.00582239247300093,770.8897923631596,-1.8943594616604962,6.234671558074041
sub-dem005,DEMENTIA,5.0,False,0.8552786683385015,0.005365815447281842,0.5833333333333334,0.003935561594105031,8236.267272949219,44.19429016113281,25.3619384765625,0.054823953465358954,6.849101197941916,-0.0032494741584565617,37.71752671311453,-0.030701754385964897,4.999999999999997,0.00469084367601617,621.0717542969675,-5.022331873769872,16.52938120896799
sub-dem005,DEMENTIA,6.0,False,0.8577524923232238,0.003304505750395797,0.5645161290322581,0.006082644520021153,8165.749960327148,26.983767700195312,25.94259338378906,0.057297777450081244,7.158153532665729,-0.005310783855342607,61.643706693333236,-0.04951895868704015,8.064516129032253,0.006837926601932292,905.3473881744743,-4.441676966543312,14.618343357699636
sub-dem009,DEMENTIA,1.0,True,0.8053728201056171,0.00670741189189055,0.5555555555555556,0.11789836082772132,6145.112991333008,41.217803955078125,7.470130920410156,0.0,0.0,0.0,0.0,0.0,0.0,0.0,0.0,0.0,0.0
sub-dem009,DEMENTIA,3.0,False,0.8366408107045972,0.0031270849703367008,0.5555555555555556,0.11970483090619793,6273.585319519043,19.61803436279297,5.129814147949219,0.03126799059898011,3.8824243652622408,-0.0035803269215538493,53.3786649643891,0.0,0.0,0.0018064700784766186,1.5322266279141221,-2.3403167724609375,31.3289927230946
sub-dem009,DEMENTIA,4.0,False,0.8378854825257538,0.004231225856589602,0.5555555555555556,0.11330364548205049,6204.524993896484,26.25274658203125,4.63104248046875,0.03251266242013673,4.036970407801073,-0.002476186035300948,36.91716082465021,0.0,0.0,-0.0045947153456708245,3.8971833988301507,-2.8390884399414062,38.005872590322994
sub-dem009,DEMENTIA,5.0,False,0.8329644847953834,0.0032855910058835354,0.5555555555555556,0.11728985592668326,6310.243606567383,20.732879638671875,3.4236907958984375,0.02759166468976637,3.425949324456714,-0.0034218208860070146,51.0155174776741,0.0,0.0,-0.0006085049010380594,0.5161266846849852,-4.046440124511719,54.16826247925444
sub-dem009,DEMENTIA,6.0,False,0.8282318391788112,0.004003082938703818,0.5555555555555556,0.1138464397706381,6280.826568603516,25.142669677734375,3.2215118408203125,0.022859019073194098,2.8383151880139628,-0.0027043289531867324,40.31851624404254,0.0,0.0,-0.004051921057083213,3.436791681102397,-4.248619079589844,56.87476062811183
sub-dem010,DEMENTIA,1.0,True,0.8087687469638901,0.008176037358780227,0.5497382198952879,0.02460264590878299,6768.653869628906,55.34076690673828,12.850761413574219,0.0,0.0,0.0,0.0,0.0,0.0,0.0,0.0,0.0,0.0
sub-dem010,DEMENTIA,3.0,False,0.8470481762386235,0.00667733457325076,0.5614973262032086,0.023533698713255904,6940.7501220703125,46.34571075439453,7.4558258056640625,0.03827942927473338,4.733050011939009,-0.0014987027855294663,18.33042976399824,0.011759106307920653,2.13903743315509,-0.0010689471955270848,4.344846483139756,-5.394935607910156,41.98144712430427
sub-dem010,DEMENTIA,4.0,False,0.856225581178042,0.004784097915571419,0.5614973262032086,0.027504685214001963,6886.089324951172,32.9437255859375,10.3302001953125,0.04745683421415192,5.8677878432252,-0.0033919394432088074,41.48634961368189,0.011759106307920653,2.13903743315509,0.0029020393052189737,11.79563903808803,-2.5205612182617188,19.614100185528756
sub-dem010,DEMENTIA,5.0,False,0.8541655884728531,0.006148112949365038,0.5645161290322581,0.02434192521509205,7004.289627075195,43.06316375732422,7.834434509277344,0.04539684150896295,5.613080584454115,-0.0020279244094151888,24.80326740725329,0.014777909136970191,2.6881720430107685,-0.0002607206936909405,1.059726236997399,-5.016326904296875,39.03525046382189
sub-dem010,DEMENTIA,6.0,False,0.8594597349571063,0.003910590138361423,0.5585106382978723,0.027965496537052183,6947.359085083008,27.16827392578125,7.20977783203125,0.05069098799321614,6.267673940605348,-0.004265447220418803,52.170104333466014,0.008772418402584359,1.5957446808510596,0.003362850628269194,13.66865434204651,-5.640983581542969,43.896103896103895
sub-dem011,DEMENTIA,1.0,True,0.7940300561811898,0.004651291922967593,0.5497382198952879,-0.004733877581277465,6766.951560974121,31.475067138671875,27.915000915527344,0.0,0.0,0.0,0.0,0.0,0.0,0.0,0.0,0.0,0.0
sub-dem011,DEMENTIA,3.0,False,0.8407319604987417,0.0013737832555073698,0.5614973262032086,0.001187784097398296,7014.152526855469,9.63592529296875,25.29144287109375,0.046701904317551834,5.881629285188534,-0.0032775086674602235,70.46448001417043,0.011759106307920653,2.13903743315509,0.0059216616786757605,125.0911451976704,-2.6235580444335938,9.398380649789894
sub-dem011,DEMENTIA,4.0,False,0.8485945739467456,0.0007734699266219126,0.580110497237569,0.0020475818497514083,6949.085235595703,5.374908447265625,28.392791748046875,0.05456451776555582,6.8718453842891725,-0.0038778219963456805,83.37085825977512,0.030372277342281095,5.524861878453038,0.006781459431028872,143.2537980671409,0.47779083251953125,1.7115916777698064
sub-dem011,DEMENTIA,5.0,False,0.852556986637616,0.0007359497289723594,0.5737704918032787,0.004807935317297447,7075.295448303223,5.207061767578125,26.335716247558594,0.05852693045642621,7.370870913615761,-0.0039153421939952335,84.17752011353411,0.024032271907990732,4.371584699453552,0.009541812898574913,201.564420176662,-1.57928466796875,5.6574766834067844
sub-dem011,DEMENTIA,6.0,False,0.8567809538851388,0.0004004923364037746,0.5645161290322581,0.0030359113566086537,7015.176773071289,2.8095245361328125,25.829315185546875,0.06275089770394893,7.902836575953215,-0.004250799586563819,91.38965382013146,0.014777909136970191,2.6881720430107685,0.007769788937886118,164.13159834584053,-2.0856857299804688,7.471558880803526
sub-epi001,EPILEPSY,1.0,True,0.8383165721387651,0.006978679582706793,0.6402439024390244,0.02587323797118931,6626.967430114746,46.24748229980469,21.241188049316406,0.0,0.0,0.0,0.0,0.0,0.0,0.0,0.0,0.0,0.0
sub-epi001,EPILEPSY,3.0,False,0.881573099856051,0.003278759283608199,0.6140350877192983,0.02755672575247159,7026.120185852051,23.036956787109375,21.300315856933594,0.04325652771728594,5.159927544665759,-0.003699920299098594,53.017483540396626,-0.026208814719726137,4.0935672514619865,0.0016834877812822793,6.506676061020649,0.0591278076171875,0.2783639384007543
sub-epi001,EPILEPSY,4.0,False,0.8900688111157766,0.002236765484962719,0.6140350877192983,0.02797735541749307,6970.184326171875,15.590667724609375,22.0489501953125,0.05175223897701153,6.173352728191692,-0.004741914097744075,67.94858599747958,-0.026208814719726137,4.0935672514619865,0.0021041174463037604,8.13240866352624,0.8077621459960938,3.8028105778296593
sub-epi001,EPILEPSY,5.0,False,0.8868724350184757,0.002579949452401011,0.6104651162790697,0.02783218197135636,7075.071334838867,18.253326416015625,22.00603485107422,0.04855586287971059,5.792067638103809,-0.004398730130305782,63.030979975149734,-0.029778786159954662,4.651162790697681,0.001958944000167051,7.571313657565391,0.7648468017578125,3.6007722354420153
sub-epi001,EPILEPSY,6.0,False,0.8924924496687021,0.0016026999706524928,0.6069364161849711,0.027674699188052303,7019.1192626953125,11.249542236328125,18.482208251953125,0.05417587752993702,6.462460522725941,-0.005375979612054301,77.03433791939679,-0.03330748625405333,5.202312138728329,0.0018014612168629936,6.962643094262029,-2.7589797973632812,12.98882054505455
sub-epi002,EPILEPSY,1.0,True,0.8392316067555136,0.039021250490279887,0.5862068965517241,-0.5671356591875937,3413.7611389160156,133.209228515625,4.078865051269531,0.0,0.0,0.0,0.0,0.0,0.0,0.0,0.0,0.0,0.0
sub-epi002,EPILEPSY,3.0,False,0.8704374626673551,0.04878978859724477,0.5930232558139535,-0.5729757392782431,3443.7389373779297,168.01929473876953,2.7952194213867188,0.03120585591184155,3.7183842530054396,0.009768538106964882,25.033893030665954,0.006816359262229454,1.1627906976744364,-0.005840080090649402,1.029750112876901,-1.2836456298828125,31.470657002571894
sub-epi002,EPILEPSY,4.0,False,0.8747252061015223,0.04661728780661929,0.6375,-0.5891284705567392,3419.7616577148438,159.42001342773438,5.893707275390625,0.03549359934600871,4.229297259576255,0.007596037316339406,19.46641181638083,0.05129310344827587,8.750000000000002,-0.02199281136914555,3.877874898688199,1.8148422241210938,44.493804068272155
sub-epi002,EPILEPSY,5.0,False,0.8704129124293584,0.04932976312176084,0.5795454545454546,-0.5631250496750907,3479.6810150146484,171.65184020996094,4.76837158203125,0.031181305673844806,3.7154589296740586,0.010308512631480957,26.417689084691908,-0.006661442006269502,1.1363636363636211,0.004010609512502983,0.7071693425604857,0.6895065307617188,16.90437222352116
sub-epi002,EPILEPSY,6.0,False,0.8731819286309358,0.0470788175136779,0.5795454545454546,-0.5797376559313976,3454.4620513916016,162.63198852539062,5.3501129150390625,0.03395032187542224,4.045405535508234,0.008057567023398014,20.649176851482856,-0.006661442006269502,1.1363636363636211,-0.012601996743803912,2.222042740506906,1.2712478637695312,31.16670563479074
sub-epi003,EPILEPSY,1.0,True,0.789418109497358,0.005219286134955519,0.5497382198952879,0.027530284680093716,6627.846717834473,34.592628479003906,23.138999938964844,0.0,0.0,0.0,0.0,0.0,0.0,0.0,0.0,0.0,0.0
sub-epi003,EPILEPSY,3.0,False,0.8387176531584379,0.0024547011282969227,0.5675675675675675,0.029992103473083623,7007.15446472168,17.200469970703125,18.390655517578125,0.049299543661079914,6.2450484816557035,-0.0027645850066585964,52.96864236170408,0.017829347672279616,3.2432432432432448,0.0024618187929899074,8.942220618481185,-4.748344421386719,20.520957837035816
sub-epi003,EPILEPSY,4.0,False,0.8466165511472775,0.0017649719016693051,0.5585106382978723,0.03216403029025875,6942.211151123047,12.2528076171875,23.578643798828125,0.057198441649919496,7.245645996940602,-0.003454314233286214,66.18365316573419,0.008772418402584359,1.5957446808510596,0.004633745610165035,16.8314482178804,0.43964385986328125,1.900012364505626
sub-epi003,EPILEPSY,5.0,False,0.8476236589048262,0.001761618987943477,0.5497382198952879,0.032644980770061796,7062.07275390625,12.440681457519531,21.157264709472656,0.05820554940746814,7.3732219602270135,-0.003457667147012042,66.24789401475321,0.0,0.0,0.00511469608996808,18.578435164770948,-1.9817352294921875,8.564480896838807
sub-epi003,EPILEPSY,6.0,False,0.8530436394863188,0.00136783591852143,0.5555555555555556,0.037013280428425166,7002.817153930664,9.578704833984375,20.799636840820312,0.06362552998896076,8.059801165376443,-0.003851450216434089,73.79266276741336,0.005817335660267653,1.0582010582010684,0.00948299574833145,34.44568720783446,-2.3393630981445312,10.110044100070066
sub-epi005,EPILEPSY,1.0,True,0.7991351835367703,0.0046006323802380315,0.5585106382978723,0.00192521071192532,6631.893157958984,30.510902404785156,25.92754364013672,0.0,0.0,0.0,0.0,0.0,0.0,0.0,0.0,0.0,0.0
sub-epi005,EPILEPSY,3.0,False,0.8450441708851502,0.0016630315133013877,0.5833333333333334,0.0076620575922872,6991.567611694336,11.627197265625,21.002769470214844,0.04590898734837989,5.744833702002498,-0.002937600866936644,63.85211040888809,0.024822695035461084,4.4444444444444615,0.00573684688036188,297.9854020563135,-4.924774169921875,18.99437231029536
sub-epi005,EPILEPSY,4.0,False,0.8531874789727881,0.000905798595929681,0.5614973262032086,0.007999846008739004,6936.206817626953,6.282806396484375,24.837493896484375,0.05405229543601786,6.763848789236894,-0.0036948337843083507,80.31143284083012,0.002986687905336294,0.5347593582887841,0.006074635296813684,315.5309317149344,-1.0900497436523438,4.204215249935631
sub-epi005,EPILEPSY,5.0,False,0.8532646537764622,0.0007639775782722072,0.6,0.006837937368712481,7052.903175354004,5.3882598876953125,22.153854370117188,0.054129470239691946,6.7735060794255855,-0.003836654801965824,83.39407465908675,0.04148936170212769,7.428571428571434,0.004912726656787161,255.17864752965954,-3.7736892700195312,14.554750432191858
sub-epi005,EPILEPSY,6.0,False,0.8575198463400456,0.0004928411144103631,0.5645161290322581,0.0060205208561026746,6989.416122436523,3.444671630859375,21.49200439453125,0.05838466280327537,7.305980765967482,-0.004107791265827668,89.28753541518863,0.006005490734385832,1.0752688172043205,0.0040953101441773545,212.72009961350213,-4.435539245605469,17.107441056387245
sub-epi006,EPILEPSY,1.0,True,0.8180699054478958,0.008175681402555089,0.5497382198952879,0.004230995214774868,6638.53645324707,54.274559020996094,22.235870361328125,0.0,0.0,0.0,0.0,0.0,0.0,0.0,0.0,0.0,0.0
sub-epi006,EPILEPSY,3.0,False,0.862096167857547,0.0017225820986389844,0.6,0.0109978669093737,6997.33829498291,12.053489685058594,24.83081817626953,0.04402626240965113,5.381723752024176,-0.006453099303916104,78.93041553575415,0.05026178010471205,9.142857142857146,0.006766871694598832,159.93569718463743,2.5949478149414062,11.670097786927432
sub-epi006,EPILEPSY,4.0,False,0.8717534925529896,0.0014768929733532672,0.5497382198952879,0.011153372614545774,6940.3076171875,10.250091552734375,27.133941650390625,0.0536835871050938,6.562224908603851,-0.0066987884292018214,81.9355366160464,0.0,0.0,0.006922377399770906,163.6110902606929,4.8980712890625,22.0277920741122
sub-epi006,EPILEPSY,5.0,False,0.8717519970833718,0.001003307197800156,0.5865921787709497,0.013451748355690981,7057.690620422363,7.081031799316406,26.51691436767578,0.05368209163547599,6.562042103979474,-0.007172374204754933,87.72815196190743,0.036853958875661785,6.703910614525144,0.009220753140916114,217.93343345595707,4.281044006347656,19.25287356321839
sub-epi006,EPILEPSY,6.0,False,0.879311877794636,0.0009671211429316981,0.5340314136125655,0.01406158262117555,7017.059326171875,6.786346435546875,25.371551513671875,0.061241972346740225,7.486153926321254,-0.007208560259623391,88.17075794282479,-0.015706806282722474,2.85714285714285,0.009830587406400682,232.34692802468152,3.13568115234375,14.101904271744726
sub-epi009,EPILEPSY,1.0,True,0.8032913717157055,0.012148176753464806,0.5737704918032787,0.004823986554096445,6638.176918029785,80.6417465209961,8.233070373535156,0.0,0.0,0.0,0.0,0.0,0.0,0.0,0.0,0.0,0.0
sub-epi009,EPILEPSY,3.0,False,0.848212144193056,0.007728820319025304,0.5865921787709497,0.0038836157508732416,7001.506805419922,54.11338806152344,4.139900207519531,0.04492077247735049,5.592089503140897,-0.004419356434439502,36.378763036840475,0.012821686967671053,2.2346368715083837,-0.0009403708032232031,19.493644782750412,-4.093170166015625,49.716205258890305
sub-epi009,EPILEPSY,4.0,False,0.8559475030414584,0.005494671525668264,0.5706521739130435,0.005194143046062171,6943.233489990234,38.150787353515625,6.320953369140625,0.052656131325752864,6.555047543120941,-0.006653505227796543,54.769578701584855,-0.0031183178902352005,0.5434782608695635,0.0003701564919657259,7.673248832988465,-1.9121170043945312,23.2248349357118
sub-epi009,EPILEPSY,5.0,False,0.8556808730695704,0.006594806944636088,0.5865921787709497,0.004548049425203391,7049.732208251953,46.49162292480469,4.8828125,0.05238950135386489,6.521855356415575,-0.005553369808828718,45.71360724764587,0.012821686967671053,2.2346368715083837,-0.00027593712889305375,5.720105680202048,-3.3502578735351562,40.69269083748407
sub-epi009,EPILEPSY,6.0,False,0.8592304335636032,0.004168363616736262,0.5555555555555556,0.0044423290496588925,6996.814727783203,29.165267944335938,4.7779083251953125,0.05593906184789765,6.963732440997158,-0.007979813136728544,65.68733151213499,-0.01821493624772308,3.1746031746031655,-0.00038165750443755215,7.911661862188553,-3.4551620483398438,41.9668713077725
sub-hyd135,HYDROCEPHALUS,1.0,True,0.833373523000713,0.007330705960936414,0.6069364161849711,0.053787380564118754,6848.881721496582,50.20713806152344,3.9167404174804688,0.0,0.0,0.0,0.0,0.0,0.0,0.0,0.0,0.0,0.0
sub-hyd135,HYDROCEPHALUS,3.0,False,0.8754364179087541,0.006059135608145383,0.65625,0.05425233126245021,7063.390731811523,42.79804229736328,1.3017654418945312,0.04206289490804116,5.047303969603696,-0.0012715703527910304,17.345810343054627,0.04931358381502893,8.125000000000004,0.00046495069833145386,0.8644233897525394,-2.6149749755859375,66.76406135865595
sub-hyd135,HYDROCEPHALUS,4.0,False,0.8820048075143017,0.005319279430356801,0.65625,0.049354757285046756,6997.188568115234,37.220001220703125,2.613067626953125,0.04863128451358867,5.835472710781941,-0.0020114265305796125,27.4383741661175,0.04931358381502893,8.125000000000004,-0.004432623279071998,8.241009754672781,-1.3036727905273438,33.28463598733869
sub-hyd135,HYDROCEPHALUS,5.0,False,0.8805225396461629,0.0053583443064908545,0.65625,0.0509820836231745,7108.492851257324,38.089752197265625,1.7976760864257812,0.047149016645449904,5.657609144538369,-0.001972361654445559,26.9054803855973,0.04931358381502893,8.125000000000004,-0.002805296940944252,5.2155299468434215,-2.1190643310546875,54.102751400048696
sub-hyd135,HYDROCEPHALUS,6.0,False,0.884786633798172,0.004741549420441202,0.6521739130434783,0.04791733998996309,7046.436309814453,33.41102600097656,2.002716064453125,0.05141311079745903,6.169275766325857,-0.0025891565404952115,35.31933424000649,0.0452374968585072,7.453416149068329,-0.0058700405741556674,10.913415958522316,-1.9140243530273438,48.867786705624546
sub-hyd136,HYDROCEPHALUS,1.0,True,0.8471788282086584,0.01668686646895418,0.6402439024390244,-0.007237837142886034,6601.81999206543,110.16368865966797,7.281303405761719,0.0,0.0,0.0,0.0,0.0,0.0,0.0,0.0,0.0,0.0
sub-hyd136,HYDROCEPHALUS,3.0,False,0.8712749153817224,0.01743228110678644,0.6287425149700598,-0.009688574487082723,6959.598541259766,121.3216781616211,3.330230712890625,0.024096087173063996,2.8442740034019334,0.0007454146378322625,4.467073786556045,-0.011501387468964563,1.7964071856287507,-0.002450737344196689,33.86007858170011,-3.9510726928710938,54.26326129666011
sub-hyd136,HYDROCEPHALUS,4.0,False,0.8772372351440325,0.012934033669320241,0.6481481481481481,-0.011304036422768534,6913.272857666016,89.41650390625,4.573822021484375,0.030058406935374093,3.5480592685409706,-0.0037528327996339383,22.489739500319384,0.007904245709123736,1.2345679012345645,-0.0040661992798824995,56.17975646052093,-2.7074813842773438,37.18402095612311
sub-hyd136,HYDROCEPHALUS,5.0,False,0.8723090074926863,0.016395644014793043,0.5965909090909091,-0.011414216701922105,7030.854225158691,115.27538299560547,3.3235549926757812,0.02513017928402783,2.9663370291211195,-0.0002912224541611365,1.7452195395879402,-0.04365299334811534,6.818181818181825,-0.004176379559036071,57.70203828281733,-3.9577484130859375,54.35494433529797
sub-hyd136,HYDROCEPHALUS,6.0,False,0.8751517829158242,0.009962382907579967,0.603448275862069,-0.013486424245404404,6981.983184814453,69.55718994140625,3.1070709228515625,0.027972954707165765,3.3018949217975595,-0.006724483561374213,40.298060596847684,-0.036795626576955454,5.747126436781613,-0.0062485871025183696,86.33224234203743,-4.174232482910156,57.32809430255402
sub-hyd137,HYDROCEPHALUS,1.0,True,0.8114184222497679,0.006992600476011077,0.580110497237569,0.006157512937149322,6824.623107910156,47.72186279296875,15.99884033203125,0.0,0.0,0.0,0.0,0.0,0.0,0.0,0.0,0.0,0.0
sub-hyd137,HYDROCEPHALUS,3.0,False,0.8538684820863868,0.004496435871366875,0.5865921787709497,0.018375461771326682,7018.243789672852,31.557083129882812,10.228157043457031,0.04245005983661887,5.231586894332557,-0.0024961646046442014,35.697228995244075,0.00648168153338069,1.1173184357541952,0.01221794883417736,198.42343749640213,-5.770683288574219,36.069384835479255
sub-hyd137,HYDROCEPHALUS,4.0,False,0.8619448687810377,0.003101086642714203,0.5865921787709497,0.0228854705583383,6950.157165527344,21.55303955078125,14.5111083984375,0.05052644653126981,6.226928690031262,-0.003891513833296874,55.65188296753348,0.00648168153338069,1.1173184357541952,0.016727957621188977,271.6674376803395,-1.48773193359375,9.298998569384835
sub-hyd137,HYDROCEPHALUS,5.0,False,0.8620753924640153,0.004141598062299634,0.5965909090909091,0.024707706547846268,7057.690620422363,29.230117797851562,11.310577392578125,0.05065697021424742,6.243014556385605,-0.0028510024137114428,40.77170465397152,0.016480411853340038,2.8409090909090926,0.018550193610696944,301.2611390352178,-4.688262939453125,29.303767286599903
sub-hyd137,HYDROCEPHALUS,6.0,False,0.8654832464378514,0.00244707275156284,0.5865921787709497,0.025806683705422478,6998.600006103516,17.126083374023438,11.478424072265625,0.05406482418808345,6.663001813316165,-0.004545527724448236,65.00482531559173,0.00648168153338069,1.1173184357541952,0.019649170768273154,319.1088832266412,-4.520416259765625,28.25464949928469
sub-hyd139,HYDROCEPHALUS,1.0,True,0.8443971253912801,0.005448547405753087,0.5965909090909091,-0.02696318365010891,6778.493881225586,36.932945251464844,18.04828643798828,0.0,0.0,0.0,0.0,0.0,0.0,0.0,0.0,0.0,0.0
sub-hyd139,HYDROCEPHALUS,3.0,False,0.8809361155628943,0.0018817280045475093,0.6,-0.02735121056609876,7006.110191345215,13.18359375,15.140533447265625,0.036538990171614216,4.327228157566576,-0.003566819401205578,65.46367564755691,0.003409090909090917,0.5714285714285728,-0.0003880269159898496,1.4390990360230784,-2.9077529907226562,16.110964332892998
sub-hyd139,HYDROCEPHALUS,4.0,False,0.8904242994926536,0.0010991916224485207,0.5909090909090909,-0.027786949896827375,6954.795837402344,7.6446533203125,17.1966552734375,0.04602717410137347,5.4508918513957765,-0.004349355783304566,79.82596937143482,-0.005681818181818121,0.9523809523809422,-0.0008237662467184652,3.0551520080424104,-0.8516311645507812,4.718626155878468
sub-hyd139,HYDROCEPHALUS,5.0,False,0.8844702897321525,0.0012148740015613055,0.5932203389830508,-0.027822573020748077,7061.061859130859,8.578300476074219,15.401840209960938,0.04007316434087238,4.745772236292623,-0.004233673404191782,77.70279101768432,-0.0033705701078582395,0.5649717514124287,-0.0008593893706391673,3.187269655509304,-2.6464462280273438,14.663143989431967
sub-hyd139,HYDROCEPHALUS,6.0,False,0.8925091600737474,0.0008530945104512249,0.5497382198952879,-0.026566866593668796,7002.525329589844,5.97381591796875,14.76287841796875,0.048112034682467275,5.6977970715109825,-0.004595452895301862,84.34271656422686,-0.04685268919562113,7.853403141361256,0.0003963170564401132,1.4698451843928022,-3.2854080200195312,18.20343461030383
sub-hyd140,HYDROCEPHALUS,1.0,True,0.8125133915900211,0.020680631541017878,0.5497382198952879,-0.01769006969355883,6415.523529052734,132.6770782470703,0.0324249267578125,0.0,0.0,0.0,0.0,0.0,0.0,0.0,0.0,0.0,0.0
sub-hyd140,HYDROCEPHALUS,3.0,False,0.8656459137143019,0.023464692736300297,0.5497382198952879,-0.01216313240097483,7073.092460632324,165.9679412841797,0.0,0.05313252212428077,6.53927955824886,0.0027840611952824196,13.462167196202515,0.0,0.0,0.005526937292584001,31.243162906228832,-0.0324249267578125,100.0
sub-hyd140,HYDROCEPHALUS,4.0,False,0.8690810275605202,0.020559348333728692,0.5497382198952879,-0.011930385049804244,7011.3983154296875,144.1497802734375,0.00762939453125,0.056567635970499075,6.96205583267999,-0.00012128320728918562,0.5864579476145737,0.0,0.0,0.005759684643754587,32.558857842441164,-0.0247955322265625,76.47058823529412
sub-hyd140,HYDROCEPHALUS,5.0,False,0.871081824431391,0.023699974654584906,0.5497382198952879,-0.010698715429993684,7111.520767211914,168.54286193847656,0.0,0.05856843284136992,7.208303696602019,0.003019343113567028,14.599859330110279,0.0,0.0,0.006991354263565147,39.52134946144833,-0.0324249267578125,100.0
sub-hyd140,HYDROCEPHALUS,6.0,False,0.8690264825558243,0.019213924214897482,0.5497382198952879,-0.01251946535167402,7055.0537109375,135.55526733398438,0.0,0.05651309096580315,6.955342711978166,-0.0014667073261203957,7.092178607850222,0.0,0.0,0.005170604341884811,29.22885229653725,-0.0324249267578125,100.0
sub-hyd141,HYDROCEPHALUS,1.0,True,0.8469847929183454,0.005056254985099544,0.6521739130434783,0.043177571355125836,7910.246393597685,39.99622276099399,23.206174191785976,0.0,0.0,0.0,0.0,0.0,0.0,0.0,0.0,0.0,0.0
sub-hyd141,HYDROCEPHALUS,3.0,False,0.8767645370908351,0.0021636925718913486,0.625,0.040403564035054906,8208.204510498046,17.760031127929686,16.09815673828125,0.02977974417248974,3.5159715288253937,-0.0028925624132081955,57.20760566332967,-0.02717391304347827,4.166666666666668,-0.00277400732007093,6.424648800311954,-7.108017453504726,30.62985477382424
sub-hyd141,HYDROCEPHALUS,4.0,False,0.8783960466303256,0.001933949449469421,0.5497382198952879,0.039003682593962995,8139.923052978516,15.74219970703125,15.128173828125002,0.03141125371198017,3.708597128851688,-0.0031223055356301233,61.75134649718726,-0.10243569314819034,15.706806282722518,-0.004173888761162842,9.666798363515037,-8.078000363660975,34.8097032147602
sub-hyd141,HYDROCEPHALUS,5.0,False,0.8757010958921864,0.0016595796493961404,0.6104651162790697,0.04001692542520422,8267.775032043457,13.721031188964844,13.960189819335938,0.02871630297384098,3.3904154140592,-0.0033966753357034035,67.1776907160178,-0.04170879676440853,6.395348837209308,-0.0031606459299216155,7.320110489601214,-9.245984372450039,39.84277759891475
sub-hyd141,HYDROCEPHALUS,6.0,False,0.8755284197746027,0.0017806221435174936,0.5497382198952879,0.03921275016601779,8201.143212890625,14.60313720703125,11.292736816406249,0.02854362685625733,3.370028257285266,-0.0032756328415820503,64.78377477471227,-0.10243569314819034,15.706806282722518,-0.003964821189108049,9.182594260567098,-11.913437375379727,51.33736081148865
sub-hyd142,HYDROCEPHALUS,1.0,True,0.7519581042795143,0.017349291633487054,0.5555555555555556,0.17280489512325314,8135.54050231725,141.14586477074772,3.892167745041661,0.0,0.0,0.0,0.0,0.0,0.0,0.0,0.0,0.0,0.0
sub-hyd142,HYDROCEPHALUS,3.0,False,0.822563510271818,0.013764695189481964,0.5555555555555556,0.20135630927681583,8921.992909240722,122.80851287841796,2.025617980957031,0.0706054059923037,9.38953986804278,-0.0035845964440050903,20.66134179845254,0.0,0.0,0.028551414153562688,16.522341067478663,-1.8665497640846298,47.956560106189634
sub-hyd142,HYDROCEPHALUS,4.0,False,0.8298310742202027,0.012551066601473296,0.558252427184466,0.20933819497282574,8836.13051147461,110.90286254882814,1.3748840332031251,0.07787296994068849,10.356025089363479,-0.004798225032013758,27.65660485383954,0.0026968716289104133,0.48543689320387434,0.0365332998495726,21.141357033615982,-2.5172837118385356,64.6756223455521
sub-hyd142,HYDROCEPHALUS,5.0,False,0.8333856793654008,0.012554407183297816,0.5555555555555556,0.21075337600368935,8972.886978149414,112.64927673339844,0.7452850341796875,0.0814275750858865,10.828738279761744,-0.004794884450189238,27.63734999378478,0.0,0.0,0.0379484808804362,21.96030433823616,-3.1468827108619735,80.85167230705494
sub-hyd142,HYDROCEPHALUS,6.0,False,0.8366004167485451,0.011159865009984669,0.5555555555555556,0.21432253968539852,8893.650942993163,99.25194396972655,0.29366455078125,0.08464231246903087,11.256253770963818,-0.006189426623502385,35.675385221813606,0.0,0.0,0.04151764456214538,24.025734069936448,-3.598503194260411,92.45498729710822
sub-hyd143,HYDROCEPHALUS,1.0,True,0.7884566115542891,0.007458248626500612,0.5497382198952879,-0.008014298908899646,6911.798477172852,51.54991149902344,3.6487579345703125,0.0,0.0,0.0,0.0,0.0,0.0,0.0,0.0,0.0,0.0
sub-hyd143,HYDROCEPHALUS,3.0,False,0.8328175230003511,0.005045340603421101,0.5497382198952879,-0.008171489246351225,6997.550010681152,35.305023193359375,2.094268798828125,0.04436091144606191,5.6262970968831105,-0.0024129080230795106,32.35220685062681,0.0,0.0,-0.0001571903374515786,1.9613735304659436,-1.5544891357421875,42.603240982749604
sub-hyd143,HYDROCEPHALUS,4.0,False,0.8410518821379055,0.00368256357028801,0.5555555555555556,-0.008570829806157995,6935.222625732422,25.539398193359375,2.552032470703125,0.05259527058361635,6.670661367140417,-0.0037756850562126014,50.62428520815002,0.005817335660267653,1.0582010582010684,-0.0005565308972583487,6.94422436178837,-1.0967254638671875,30.057501306847882
sub-hyd143,HYDROCEPHALUS,5.0,False,0.8415974637289332,0.004529927073449338,0.5645161290322581,-0.008200939936196876,7050.566673278809,31.938552856445312,1.6927719116210938,0.05314085217464404,6.739857513514556,-0.0029283215530512734,39.26285780613931,0.014777909136970191,2.6881720430107685,-0.00018664102729723,2.32885033886084,-1.9559860229492188,53.606900156821744
sub-hyd143,HYDROCEPHALUS,6.0,False,0.8470155534083471,0.002898109850138936,0.5526315789473685,-0.008991990945859972,6997.295379638672,20.2789306640625,1.3446807861328125,0.058558941854057966,7.42703415710097,-0.0045601387763616755,61.14221990614007,0.0028933590520805463,0.5263157894736994,-0.000977692036960326,12.199345795233908,-2.3040771484375,63.14688970203868
sub-hyd144,HYDROCEPHALUS,1.0,True,0.7718033324703845,0.009014200905049077,0.5497382198952879,-0.035962825873259295,6596.117973327637,59.45873260498047,9.032249450683594,0.0,0.0,0.0,0.0,0.0,0.0,0.0,0.0,0.0,0.0
sub-hyd144,HYDROCEPHALUS,3.0,False,0.8282836053559643,0.006119022129669008,0.5497382198952879,-0.02439624507700004,7023.250579833984,42.975425720214844,5.60760498046875,0.056480272885579885,7.3179617798226,-0.002895178775380069,32.117974803051126,0.0,0.0,0.011566580796259256,32.1626026748353,-3.4246444702148438,37.91574279379157
sub-hyd144,HYDROCEPHALUS,4.0,False,0.8342828180065255,0.004211598879171266,0.5526315789473685,-0.025237820026459447,6963.481903076172,29.327392578125,7.457733154296875,0.06247948553614102,8.095259881316782,-0.004802602025877812,53.27817824858724,0.0028933590520805463,0.5263157894736994,0.010725005846799848,29.822478034949384,-1.5745162963867188,17.43216133460036
sub-hyd144,HYDROCEPHALUS,5.0,False,0.8379638121155651,0.005362323916153243,0.5614973262032086,-0.025266634518764767,7080.097198486328,37.96577453613281,6.546974182128906,0.06616047964518068,8.572194089058224,-0.0036518769888958342,40.512487211709775,0.011759106307920653,2.13903743315509,0.010696191354494528,29.742355042371248,-2.4852752685546875,27.515573857037275
sub-hyd144,HYDROCEPHALUS,6.0,False,0.841143720774906,0.0032242706463378643,0.5497382198952879,-0.025155017715145674,7018.856048583984,22.630691528320312,6.740570068359375,0.0693403883045215,8.984204315700103,-0.005789930258711213,64.23120939614437,0.0,0.0,0.010807808158113621,30.052722208768166,-2.2916793823242188,25.372188786822935
sub-hyd145,HYDROCEPHALUS,1.0,True,0.8156530389449601,0.024853655812933684,0.5497382198952879,-0.02792384416738562,6541.742324829102,162.58621215820312,0.0896453857421875,0.0,0.0,0.0,0.0,0.0,0.0,0.0,0.0,0.0,0.0
sub-hyd145,HYDROCEPHALUS,3.0,False,0.8640581953627281,0.023246285641658475,0.5497382198952879,-0.03484262831484326,7045.763969421387,163.787841796875,0.00858306884765625,0.04840515641776799,5.934527808586311,-0.0016073701712752096,6.467338983743167,0.0,0.0,-0.006918784147457644,24.777334044639236,-0.08106231689453125,90.42553191489363
sub-hyd145,HYDROCEPHALUS,4.0,False,0.8662753154990863,0.020518284225173055,0.5614973262032086,-0.03667985294856476,6985.4583740234375,143.32962036132812,0.034332275390625,0.05062227655412621,6.206349285427254,-0.004335371587760629,17.443597112600752,0.011759106307920653,2.13903743315509,-0.008756008781179141,31.356745613864835,-0.0553131103515625,61.702127659574465
sub-hyd145,HYDROCEPHALUS,5.0,False,0.8677983680121515,0.023489777248403756,0.5555555555555556,-0.03686065371567462,7093.958854675293,166.63551330566406,0.0095367431640625,0.05214532906719138,6.39307727396454,-0.0013638785645299287,5.4876376127337165,0.005817335660267653,1.0582010582010684,-0.008936809548288998,32.00422368323835,-0.080108642578125,89.36170212765957
sub-hyd145,HYDROCEPHALUS,6.0,False,0.8663042766204886,0.019207251627843442,0.5497382198952879,-0.03767945307062336,7037.2467041015625,135.16616821289062,0.0,0.05065123767552848,6.2098999521960225,-0.0056464041850902424,22.718606178459627,0.0,0.0,-0.009755608903237744,34.93648240105874,-0.0896453857421875,100.0
sub-hyd146,HYDROCEPHALUS,1.0,True,0.8033173157284574,0.011433918794157106,0.5614973262032086,0.008387793183662881,6838.245391845703,78.18794250488281,0.02574920654296875,0.0,0.0,0.0,0.0,0.0,0.0,0.0,0.0,0.0,0.0
sub-hyd146,HYDROCEPHALUS,3.0,False,0.8502378619226856,0.010268105148746026,0.5497382198952879,0.000885632623485367,7107.067108154297,72.97611236572266,0.0,0.04692054619422814,5.840848351647947,-0.0011658136454110804,10.196098698958993,-0.011759106307920653,2.0942408376963444,-0.0075021605601775145,89.44141082054412,-0.02574920654296875,100.0
sub-hyd146,HYDROCEPHALUS,4.0,False,0.8521412158699898,0.007830257838391199,0.5497382198952879,0.0009434698870438811,7035.2783203125,55.088043212890625,0.0,0.04882390014153237,6.0777851025479634,-0.0036036609557659072,31.517286598252113,-0.011759106307920653,2.0942408376963444,-0.007444323296619,88.75186993306534,-0.02574920654296875,100.0
sub-hyd146,HYDROCEPHALUS,5.0,False,0.8560939097498439,0.010061042199202357,0.5497382198952879,-0.00033262955687464473,7139.019966125488,71.82598114013672,0.0,0.05277659402138646,6.569831495979647,-0.001372876594954749,12.007052172316532,-0.011759106307920653,2.0942408376963444,-0.008720422740537526,103.96563851291083,-0.02574920654296875,100.0
sub-hyd146,HYDROCEPHALUS,6.0,False,0.8549029694809873,0.006474441928178583,0.5497382198952879,-0.0002458751213199612,7074.737548828125,45.80497741699219,0.0,0.05158565375252988,6.4215787139794696,-0.004959476865978523,43.37512759416208,-0.011759106307920653,2.0942408376963444,-0.008633668304982842,102.9313445853536,-0.02574920654296875,100.0
sub-hyd147,HYDROCEPHALUS,1.0,True,0.794607166982122,0.01583890804393417,0.5737704918032787,-0.07144748160523229,4732.762363710208,74.9617878725985,0.05517883109860122,0.0,0.0,0.0,0.0,0.0,0.0,0.0,0.0,0.0,0.0
sub-hyd147,HYDROCEPHALUS,3.0,False,0.8582305386808421,0.017585700807212497,0.6,-0.07582031659503093,4929.725390625,86.69267578125,0.00538330078125,0.06362337169872012,8.006896280631155,0.0017467927632783264,11.028492358393962,0.02622950819672132,4.571428571428573,-0.004372834989798638,6.120348669474172,-0.04979553031735122,90.24390210145921
sub-hyd147,HYDROCEPHALUS,4.0,False,0.8602389186118027,0.019124139433902874,0.6,-0.07607417750193031,5002.472625732422,95.66798400878906,0.0,0.06563175162968071,8.259647578934734,0.0032852313899687027,20.741527009665596,0.02622950819672132,4.571428571428573,-0.0046266958966980215,6.475659873166468,-0.05517883109860122,100.0
sub-hyd147,HYDROCEPHALUS,5.0,False,0.863630487234219,0.017317390855122444,0.6,-0.07644351590383422,4962.7398284912115,85.94170532226563,0.0,0.06902332025209701,8.686470890294649,0.0014784828111882725,9.334499620095258,0.02622950819672132,4.571428571428573,-0.004996034298601931,6.992596780676533,-0.05517883109860122,100.0
sub-hyd147,HYDROCEPHALUS,6.0,False,0.8638075614626192,0.01370854168696213,0.5898876404494382,-0.07620375353377527,4980.279295349121,68.27236633300781,0.0,0.0692003944804972,8.708755389574046,-0.0021303663569720403,13.45020976864568,0.01611714864615954,2.8089887640449485,-0.004756271928542985,6.657018304469769,-0.05517883109860122,100.0
sub-hyd149,HYDROCEPHALUS,1.0,True,0.8335582035905342,0.003971813909924574,0.580110497237569,-0.0188910590186548,7938.160099626286,31.528894702903926,21.178331436938606,0.0,0.0,0.0,0.0,0.0,0.0,0.0,0.0,0.0,0.0
sub-hyd149,HYDROCEPHALUS,3.0,False,0.8694267595130007,0.002560237086536014,0.5865921787709497,-0.00954704849411881,8166.006916809081,20.90691375732422,18.217213439941407,0.035868555922466516,4.303065552946809,-0.0014115768233885603,35.53985295890578,0.00648168153338069,1.1173184357541952,0.00934401052453599,49.46260829162007,-2.9611179969971992,13.981828577073388
sub-hyd149,HYDROCEPHALUS,4.0,False,0.8736791288440829,0.0015291510904539007,0.5833333333333334,-0.00832903991941198,8100.772229003906,12.3873046875,20.507574462890627,0.04012092525354871,4.813212212504019,-0.0024426628194706736,61.4999311364278,0.0032228360957643476,0.5555555555555685,0.010562019099242821,55.910148228391506,-0.6707569740479791,3.1671851771951447
sub-hyd149,HYDROCEPHALUS,5.0,False,0.8708988391610779,0.0021788318675962474,0.6,-0.00739437262419105,8227.240425109863,17.92577362060547,19.811233520507812,0.03734063557054368,4.479667455697717,-0.0017929820423283269,45.14264975627662,0.019889502762430955,3.4285714285714315,0.011496686394463752,60.85781841616633,-1.3670979164307937,6.455172922859933
sub-hyd149,HYDROCEPHALUS,6.0,False,0.8736295758773928,0.001144556692754384,0.5769230769230769,-0.005659015305175603,8163.747702026367,9.3438720703125,17.259466552734374,0.04007137228685853,4.807267460658649,-0.0028272572171701904,71.1830232052307,-0.003187420314492151,0.5494505494505517,0.013232043713479198,70.04394883533335,-3.9188648842042326,18.504124821510096
sub-hyd150,HYDROCEPHALUS,1.0,True,0.8804070307408817,0.005886033700862129,0.5932203389830508,-0.04055287629836066,6981.905937194824,41.095733642578125,13.904571533203125,0.0,0.0,0.0,0.0,0.0,0.0,0.0,0.0,0.0,0.0
sub-hyd150,HYDROCEPHALUS,3.0,False,0.9021362617191881,0.0020144086511845283,0.5769230769230769,-0.03821382619792314,7064.469337463379,14.230728149414062,12.694358825683594,0.02172923097830648,2.468089215509883,-0.003871625049677601,65.77646759158927,-0.01629726205997395,2.7472527472527517,0.0023390501004375147,5.7679018455518785,-1.2102127075195312,8.703703703703704
sub-hyd150,HYDROCEPHALUS,4.0,False,0.9032614785835262,0.0018451189306588186,0.580110497237569,-0.03874096229378563,7004.5318603515625,12.9241943359375,14.16778564453125,0.022854447842644565,2.5958956533334416,-0.0040409147702033105,68.65259316492592,-0.013109841745481798,2.2099447513812174,0.0018119140045750257,4.468028337236025,0.263214111328125,1.8930041152263373
sub-hyd150,HYDROCEPHALUS,5.0,False,0.8981396060257157,0.0012484369395191976,0.569060773480663,-0.03791037671014741,7111.859321594238,8.878707885742188,13.589859008789062,0.017732575284834073,2.0141337660504286,-0.004637596761342932,78.78984384108541,-0.024159565502387848,4.072612470402523,0.0026424995882132485,6.516182893591868,-0.3147125244140625,2.263374485596708
sub-hyd150,HYDROCEPHALUS,6.0,False,0.896430853465014,0.0013363866958163312,0.56353591160221,-0.039001732112853314,7056.2896728515625,9.429931640625,12.285232543945312,0.016023822724132386,1.8200471105561242,-0.004549647005045798,77.29563295533646,-0.029684427380840872,5.003946329913176,0.001551144185507343,3.8249917813352434,-1.6193389892578125,11.646090534979423
sub-hyd151,HYDROCEPHALUS,1.0,True,0.8051420496012067,0.02155436811451326,0.5497382198952879,-0.04467980228605851,6665.1201248168945,143.6624526977539,0.080108642578125,0.0,0.0,0.0,0.0,0.0,0.0,0.0,0.0,0.0,0.0
sub-hyd151,HYDROCEPHALUS,3.0,False,0.855502105798597,0.025023189147600596,0.5526315789473685,-0.036717333314946955,7054.1181564331055,176.51653289794922,0.0,0.05036005619739026,6.254803884896336,0.0034688210330873354,16.093355252440293,0.0028933590520805463,0.5263157894736994,0.007962468971111553,17.821182198015435,-0.080108642578125,100.0
sub-hyd151,HYDROCEPHALUS,4.0,False,0.8592991362555062,0.022681895637954242,0.5555555555555556,-0.039796476435521214,6988.990783691406,158.5235595703125,0.0,0.054157086654299524,6.7264014692965,0.0011275275234409812,5.231085956455296,0.005817335660267653,1.0582010582010684,0.004883325850537294,10.929604878894112,-0.080108642578125,100.0
sub-hyd151,HYDROCEPHALUS,5.0,False,0.8611445269483231,0.025677309437389616,0.5526315789473685,-0.03614062339521012,7103.3525466918945,182.39498138427734,0.0,0.056002477347116386,6.955602104604382,0.004122941322876356,19.128101092883558,0.0028933590520805463,0.5263157894736994,0.00853917889084839,19.111944220739936,-0.080108642578125,100.0
sub-hyd151,HYDROCEPHALUS,6.0,False,0.8599868870590355,0.021531279178338,0.5555555555555556,-0.03735801567003613,7047.557830810547,151.74293518066406,0.0,0.054844837457828755,6.811821278617089,-2.308893617525981e-05,0.10711952237520374,0.005817335660267653,1.0582010582010684,0.007321786616022376,16.38724041155169,-0.080108642578125,100.0
sub-hyd152,HYDROCEPHALUS,1.0,True,0.7888855423420243,0.015647882452755755,0.5497382198952879,0.11109814157331302,7059.059143066406,110.4593276977539,0.01811981201171875,0.0,0.0,0.0,0.0,0.0,0.0,0.0,0.0,0.0,0.0
sub-hyd152,HYDROCEPHALUS,3.0,False,0.8436603395931274,0.02256603857845999,0.5497382198952879,0.15895990634499874,7175.239562988281,161.91673278808594,0.0,0.05477479725110301,6.94331361283272,0.0069181561257042334,44.21145255015559,0.0,0.0,0.047861764771685716,43.080616915722224,-0.01811981201171875,100.0
sub-hyd152,HYDROCEPHALUS,4.0,False,0.8529105776161683,0.0219516869101628,0.5497382198952879,0.16843048130069396,7086.6241455078125,155.5633544921875,0.00762939453125,0.06402503527414394,8.11588397019775,0.006303804457407046,40.285351557564134,0.0,0.0,0.05733233972738094,51.60512940673059,-0.01049041748046875,57.89473684210527
sub-hyd152,HYDROCEPHALUS,5.0,False,0.8565505931790811,0.022427901058774024,0.5497382198952879,0.17077991101432108,7172.999382019043,160.8753204345703,0.0095367431640625,0.06766505083705676,8.577296351023799,0.006780018606018269,43.32866524584761,0.0,0.0,0.05968176944100806,53.71986299304963,-0.00858306884765625,47.368421052631575
sub-hyd152,HYDROCEPHALUS,6.0,False,0.8627667940179684,0.021579809158150304,0.5497382198952879,0.17492276793276174,7094.020843505859,153.08761596679688,0.0,0.07388125167594406,9.365268814105427,0.005931926705394549,37.908814328739254,0.0,0.0,0.06382462635944872,57.44886949106274,-0.01811981201171875,100.0
sub-hyd153,HYDROCEPHALUS,1.0,True,0.8761166541642232,0.00531505628056808,0.6441717791411042,-0.15265676675023498,6888.99040222168,36.61537170410156,10.590553283691406,0.0,0.0,0.0,0.0,0.0,0.0,0.0,0.0,0.0,0.0
sub-hyd153,HYDROCEPHALUS,3.0,False,0.8997142513175945,0.004006901045161826,0.6363636363636364,-0.15836288077151148,7034.563064575195,28.186798095703125,8.331298828125,0.023597597153371286,2.693430953653353,-0.0013081552354062545,24.612255568937023,-0.007808142777467886,1.2121212121212053,-0.005706114021276493,3.737871659899877,-2.2592544555664062,21.332733003151734
sub-hyd153,HYDROCEPHALUS,4.0,False,0.9033169773126801,0.0030081239550195644,0.6140350877192983,-0.1625773872513206,6986.137390136719,21.015167236328125,10.6353759765625,0.027200323148456884,3.1046462841646125,-0.002306932325548516,43.40372338074185,-0.030136691421805972,4.678362573099404,-0.009920620501085609,6.498644450734993,0.04482269287109375,0.42323277802791537
sub-hyd153,HYDROCEPHALUS,5.0,False,0.8975413299976335,0.0034902593580855433,0.6176470588235294,-0.16095012541122708,7089.180946350098,24.743080139160156,9.19342041015625,0.021424675833410234,2.4454136023528092,-0.001824796922482537,34.33259830481984,-0.0265247203175748,4.117647058823517,-0.008293358660992095,5.432683291767234,-1.3971328735351562,13.19225574065736
sub-hyd153,HYDROCEPHALUS,6.0,False,0.897278756769924,0.003187858501999117,0.5497382198952879,-0.16490868435405226,7039.793014526367,22.441864013671875,9.281158447265625,0.021162102605700728,2.4154434806274105,-0.002127197778568963,40.02211202063895,-0.09443355924581631,14.659685863874344,-0.012251917603817275,8.025793985184357,-1.3093948364257812,12.363800090049528
sub-hyd154,HYDROCEPHALUS,1.0,True,0.7801800766526057,0.04613350925360168,0.5555555555555556,-0.14038087903130678,3056.032180786133,140.98548889160156,6.152153015136719,0.0,0.0,0.0,0.0,0.0,0.0,0.0,0.0,0.0,0.0
sub-hyd154,HYDROCEPHALUS,3.0,False,0.8465645362849237,0.05233450855052885,0.5555555555555556,-0.06483244917460212,3473.1674194335938,181.76651000976562,5.207061767578125,0.06638445963231798,8.50886373786206,0.006200999296927169,13.441421208257754,0.0,0.0,0.07554842985670465,53.81675223721627,-0.9450912475585938,15.361959386141683
sub-hyd154,HYDROCEPHALUS,4.0,False,0.850903497575868,0.05136356693329582,0.5555555555555556,-0.06343935129884187,3471.385955810547,178.30276489257812,2.34222412109375,0.07072342092326234,9.065012429784678,0.0052300576796941445,11.33678699997406,0.0,0.0,0.0769415277324649,54.80912234158751,-3.8099288940429688,61.92838319640366
sub-hyd154,HYDROCEPHALUS,5.0,False,0.8513467943749963,0.05375528129864354,0.5555555555555556,-0.062469424060484766,3430.938720703125,184.4310760498047,4.944801330566406,0.07116671772239058,9.121832234903291,0.007621772045041865,16.52111917856504,0.0,0.0,0.07791145497082201,55.50004780454946,-1.2073516845703125,19.6248643621144
sub-hyd154,HYDROCEPHALUS,6.0,False,0.8508081110273059,0.04737605840042658,0.5555555555555556,-0.06360720364375344,3466.123580932617,164.21127319335938,4.1370391845703125,0.07062803437470022,9.052786207734588,0.001242549146824902,2.693376608301037,0.0,0.0,0.07677367538755334,54.68955310532839,-2.0151138305664062,32.754611688110366
sub-hyd156,HYDROCEPHALUS,1.0,True,0.8054839977044831,0.015315504264025845,0.5497382198952879,-0.0018789003257492468,6688.763618469238,102.44178771972656,10.011672973632812,0.0,0.0,0.0,0.0,0.0,0.0,0.0,0.0,0.0,0.0
sub-hyd156,HYDROCEPHALUS,3.0,False,0.8519347735943377,0.012628273522245558,0.5497382198952879,-0.0036461541111084688,6977.273941040039,88.11092376708984,6.205558776855469,0.04645077588985458,5.7668154826455655,-0.002687230741780287,17.545819552884375,0.0,0.0,-0.001767253785359222,94.05787849094636,-3.8061141967773438,38.01676509811392
sub-hyd156,HYDROCEPHALUS,4.0,False,0.8610661437518442,0.009315140455498836,0.5614973262032086,-0.00279768746575316,6913.036346435547,64.39590454101562,8.281707763671875,0.055582146047361114,6.900465584141021,-0.006000363808527009,39.17836269107439,0.011759106307920653,2.13903743315509,-0.0009187871400039133,48.900259764313454,-1.7299652099609375,17.279481806058296
sub-hyd156,HYDROCEPHALUS,5.0,False,0.85932236995568,0.010843762681820834,0.5614973262032086,-0.0019381554677564492,7026.510238647461,76.19380950927734,6.718635559082031,0.05383837225119692,6.683977882196141,-0.004471741582205011,29.197481879251985,0.011759106307920653,2.13903743315509,-5.9255142007202466e-05,3.153713967427908,-3.2930374145507812,32.89197942465231
sub-hyd156,HYDROCEPHALUS,6.0,False,0.8630435398430639,0.007207964209634908,0.5645161290322581,-0.00161489908521875,6973.182678222656,50.262451171875,6.2255859375,0.05755954213858083,7.145957250872456,-0.008107540054390936,52.93681431981647,0.014777909136970191,2.6881720430107685,0.0002640012405304968,14.05083797753994,-3.7860870361328125,37.81672699561821
sub-hyd158,HYDROCEPHALUS,1.0,True,0.8098547488129455,0.0039828961445706555,0.603448275862069,0.03595425318931821,5228.96302495792,20.826416672207415,9.220489792642184,0.0,0.0,0.0,0.0,0.0,0.0,0.0,0.0,0.0,0.0
sub-hyd158,HYDROCEPHALUS,3.0,False,0.8588660584922917,0.0018196029771610845,0.6441717791411042,0.04318475419237261,5428.128387451172,9.87703857421875,6.283374023437499,0.04901130967934619,6.051864207894702,-0.0021632931674095707,54.31457635064113,0.04072350327903529,6.748466257668705,0.007230501003054397,20.110280041089922,-2.9371157692046843,31.854227218476616
sub-hyd158,HYDROCEPHALUS,4.0,False,0.8622731060215666,0.0015302043153652503,0.625,0.042243363262130885,5468.21923828125,8.36749267578125,7.750823974609375,0.05241835720862109,6.4725628003606746,-0.002452691829205405,61.58061220222447,0.02155172413793105,3.571428571428574,0.006289110072812673,17.49197804136599,-1.4696658180328086,15.939129602481428
sub-hyd158,HYDROCEPHALUS,5.0,False,0.8702462217887158,0.0009958304196375472,0.603448275862069,0.04356492585597302,5424.191308593749,5.40157470703125,7.1385864257812495,0.0603914729757703,7.45707462533125,-0.002987065724933108,74.99732899149207,0.0,0.0,0.007610672666654807,21.167656095039934,-2.081903366860934,22.57909735470086
sub-hyd158,HYDROCEPHALUS,6.0,False,0.8712459947627957,0.000375935210034812,0.6140350877192983,0.04373189743803952,5445.598944091797,2.0471923828125003,4.389056396484375,0.06139124594985024,7.580525525081529,-0.0036069609345358434,90.56126003819422,0.010586811857229317,1.7543859649122868,0.007777644248721308,21.632056179189387,-4.831433396157808,52.39888015507833
sub-hyd159,HYDROCEPHALUS,1.0,True,0.8855238235178206,0.008649639728837847,0.5497382198952879,-0.07645089224392286,6942.817687988281,60.05287170410156,3.108978271484375,0.0,0.0,0.0,0.0,0.0,0.0,0.0,0.0,0.0,0.0
sub-hyd159,HYDROCEPHALUS,3.0,False,0.9125953400262686,0.007365886307090166,0.5497382198952879,-0.08052560701369792,7078.868865966797,52.14214324951172,1.4820098876953125,0.02707151650844808,3.0571189379077484,-0.0012837534217476805,14.84169817463789,0.0,0.0,-0.004074714769775056,5.329845931391283,-1.6269683837890625,52.33128834355828
sub-hyd159,HYDROCEPHALUS,4.0,False,0.9165590384537798,0.007167854969133119,0.5497382198952879,-0.08298843578819233,7019.6533203125,50.31585693359375,1.575469970703125,0.031035214935959288,3.5047295297679506,-0.0014817847597047278,17.13117316047819,0.0,0.0,-0.00653754354426947,8.551297901679026,-1.53350830078125,49.325153374233125
sub-hyd159,HYDROCEPHALUS,5.0,False,0.9118734640957366,0.006913580246913581,0.5497382198952879,-0.08299914568571284,7116.436958312988,49.20005798339844,1.010894775390625,0.026349640577916,2.975599286898884,-0.001736059481924266,20.070887763524464,0.0,0.0,-0.0065482534417899835,8.565306760445964,-2.09808349609375,67.48466257668711
sub-hyd159,HYDROCEPHALUS,6.0,False,0.9133818506526441,0.0068693366882890535,0.5497382198952879,-0.08422192642984182,7058.704376220703,48.488616943359375,1.0471343994140625,0.02785802713482355,3.1459376241460233,-0.001780303040548793,20.582395294607167,0.0,0.0,-0.007771034185918957,10.164739688223433,-2.0618438720703125,66.31901840490796
sub-hyd160,HYDROCEPHALUS,1.0,True,0.7640286160326701,0.011149218070904758,0.5497382198952879,-0.011180166530978631,6748.467445373535,75.2401351928711,0.18978118896484375,0.0,0.0,0.0,0.0,0.0,0.0,0.0,0.0,0.0,0.0
sub-hyd160,HYDROCEPHALUS,3.0,False,0.8256486295045895,0.00575509610019972,0.5497382198952879,-0.019944531142609946,7076.625823974609,40.726661682128906,0.05435943603515625,0.061620013471919366,8.065144705166968,-0.005394121970705038,48.381168404819846,0.0,0.0,-0.008764364611631315,78.39207571145317,-0.1354217529296875,71.35678391959799
sub-hyd160,HYDROCEPHALUS,4.0,False,0.8332774573160912,0.003600320343034907,0.5497382198952879,-0.02081358637747233,7006.763458251953,25.226593017578125,0.0457763671875,0.06924884128342101,9.063644977462456,-0.007548897727869852,67.70786686440029,0.0,0.0,-0.009633419846493699,86.16526256385252,-0.14400482177734375,75.87939698492463
sub-hyd160,HYDROCEPHALUS,5.0,False,0.8373096902312327,0.004161181290428479,0.5497382198952879,-0.0198217210849488,7117.295265197754,29.616355895996094,0.00476837158203125,0.07328107419856256,9.59140438732324,-0.0069880367804762795,62.67737105898406,0.0,0.0,-0.008641554553970168,77.29361213024569,-0.1850128173828125,97.48743718592965
sub-hyd160,HYDROCEPHALUS,6.0,False,0.8403750108210281,0.0025509521256447338,0.5497382198952879,-0.02062661766459319,7054.555892944336,17.995834350585938,0.0,0.07634639478835792,9.992609332461615,-0.008598265945260024,77.11990106013124,0.0,0.0,-0.009446451133614558,84.49293762700049,-0.18978118896484375,100.0
sub-hyd161,HYDROCEPHALUS,1.0,True,0.7788439786819016,0.007083083273523837,0.5497382198952879,0.006021743045576173,7138.134002685547,50.55999755859375,0.22125244140625,0.0,0.0,0.0,0.0,0.0,0.0,0.0,0.0,0.0,0.0
sub-hyd161,HYDROCEPHALUS,3.0,False,0.8194507904672683,0.005403004778314124,0.5497382198952879,0.011092326106416216,7034.731864929199,38.008689880371094,0.057220458984375,0.040606811785366737,5.2137286666950695,-0.0016800784952097124,23.7195925888624,0.0,0.0,0.005070583060840043,84.20457370005364,-0.164031982421875,74.13793103448276
sub-hyd161,HYDROCEPHALUS,4.0,False,0.8287363417859468,0.004120980769304558,0.5497382198952879,0.012202882932463166,6959.239959716797,28.67889404296875,0.026702880859375,0.04989236310404521,6.405950931081467,-0.0029621025042192786,41.81939403834838,0.0,0.0,0.006181139886886993,102.64702163649974,-0.194549560546875,87.93103448275862
sub-hyd161,HYDROCEPHALUS,5.0,False,0.8310983377506419,0.004818251766973295,0.5497382198952879,0.011899632005599826,7071.032524108887,34.07001495361328,0.019073486328125,0.05225435906874032,6.709220395742732,-0.002264831506550542,31.975220664373012,0.0,0.0,0.005877888960023654,97.61108894112976,-0.202178955078125,91.37931034482759
sub-hyd161,HYDROCEPHALUS,6.0,False,0.836401034457091,0.00320629534495231,0.5497382198952879,0.01204136586385451,7008.235931396484,22.470474243164062,0.0,0.057557055775189436,7.390062368152056,-0.003876787928571527,54.733055914544174,0.0,0.0,0.006019622818278338,99.96479047209775,-0.22125244140625,100.0
