participant_id,original_id,dataset_source,cohort,diagnosis,institution_name,manufacturer,manufacturers_model_name,magnetic_field_strength,mr_acquisition_type,slice_thickness_mm,spacing_between_slices_mm,repetition_time_s,echo_time_s,flip_angle_deg,contrast_enhanced,series_description,protocol_name,dim_x,dim_y,dim_z,voxel_volume_mm3,brain_volume_cm3,tiv_cm3,ventricle_volume_cm3,bpf,vbr,evans_index,asymmetry_index,snr_proxy,is_volumetric_valid,pef
sub-con001,sub-001,clinical_hospital_archive,control,CONTROL,RSUTH Port Harcourt,GE,SIGNA Creator,1.5,3D,1.4,0.699999,0.602,0.01396,90,False,SEIZURE 3D Sag T1 Cube,SEIZURE/TLE  RSUTH,232,256,256,0.4102997779846191,4303.171956105187,4773.002948677313,54.1534161051095,0.9015649062814166,0.0125845345381279,0.5497835497835498,-0.0244844688718103,21.842687606811523,1.0,0.9015649062814166
sub-con002,sub-002,clinical_hospital_archive,control,CONTROL,RSUTH Port Harcourt,GE,SIGNA Creator,1.5,2D,5.0,6.5,2.32632,0.01016,160,False,AX T1 FSE,PED ROUTINE BRAIN RSUTH,512,512,24,1.5498398542404177,5178.503161906847,6940.760970066651,100.76283830509055,0.7461002020153301,0.0194579080392001,0.7326478149100257,0.0064914562081096,32.935123443603516,1.0,0.7461002020153301
sub-con003,sub-003,clinical_hospital_archive,control,CONTROL,Braithwaite Memorial Hospital,GE,Signa,1.5,2D,5.0,6.5,2.90222,0.008112,160,False,T1 W COR,ROUTINE BRAIN RSUTH,256,256,28,6.19935941696167,8026.973983068485,8602.26833864022,18.864650739822537,0.9331229470036884,0.0023501572048961,0.6844660194174758,-0.0235046613124581,139.73629760742188,1.0,0.9331229470036884
sub-con004,sub-004,clinical_hospital_archive,control,CONTROL,Braithwaite Memorial Hospital,GE,Signa,1.5,2D,4.0,5.5,2.31206,0.010032,160,False,AX T1 FSE,ROUTINE BRAIN RSUTH,512,512,27,1.3114029169082642,4916.206803751993,6652.892397834803,61.70806272129994,0.7389578110946123,0.0125519664213891,0.7402597402597403,0.0169413534676957,48.67080307006836,1.0,0.7389578110946123
sub-con005,sub-005,clinical_hospital_archive,control,CONTROL,RSUTH Port Harcourt,GE,SIGNA Creator,1.5,2D,4.0,5.0,1.61465,0.008152,160,False,T1 W COR+ C,PED ROUTINE BRAIN RSUTH,256,256,32,4.7685017585754395,6772.8893155790865,7317.61913780123,36.45996604114771,0.9255591454045228,0.0053832218928016,0.6650943396226415,-0.0394933885501982,400.7179870605469,1.0,0.9255591454045228
sub-con006,sub-006,clinical_hospital_archive,control,CONTROL,Braithwaite Memorial Hospital,GE,Signa,1.5,2D,4.0,5.0,1.67094,0.00808,160,False,T1 W COR,ROUTINE BRAIN RSUTH,256,256,35,4.76873779296875,7578.840204950422,8004.554947245866,14.55418713018298,0.9468159385373548,0.0019203712885615,0.6746411483253588,-0.0228229709628786,431.4898681640625,1.0,0.9468159385373548
sub-con007,sub-007,clinical_hospital_archive,control,CONTROL,Braithwaite Memorial Hospital,GE,Signa,1.5,2D,5.0,6.5,2.32978,0.0102,160,False,AX T1 FSE,PED ROUTINE BRAIN RSUTH,512,512,22,1.2001734972000122,3653.498606815003,4799.837139415555,44.23959596687928,0.7611713690893824,0.0121088306655865,0.7383419689119171,-0.0859210904090545,22.692293167114254,1.0,0.7611713690893824
sub-con008,sub-008,clinical_hospital_archive,control,CONTROL,Braithwaite Memorial Hospital,GE,Signa,1.5,2D,5.0,6.5,2.33377,0.01024,160,False,COR T1 FSE,PED ROUTINE BRAIN RSUTH,512,512,24,1.3115346431732178,4466.537540924852,5641.791951724328,86.81834878074005,0.7916877437424332,0.0194375056708385,0.6867469879518072,0.0537041990779253,15.166872024536133,1.0,0.7916877437424332
sub-con009,sub-009,clinical_hospital_archive,control,CONTROL,RSUTH Port Harcourt,GE,SIGNA Creator,1.5,2D,4.0,5.0,2.19758,0.008824,160,False,T1 W SAG,PED ROUTINE BRAIN RSUTH,256,256,27,3.3644602298736572,4212.933462157147,4927.312684232835,17.697061230428517,0.8550164627542987,0.004200650541812,0.5617529880478087,-0.0550732438525555,61.409942626953125,1.0,0.8550164627542987
sub-con010,sub-010,clinical_hospital_archive,control,CONTROL,RSUTH Port Harcourt,GE,SIGNA Creator,1.5,2D,5.0,6.5,2.32448,0.010144,160,False,AX T1 FSE,PED ROUTINE BRAIN RSUTH,512,512,23,1.5498398542404177,5001.605990464799,6724.542811611784,90.52304636966436,0.7437837977368725,0.0180987959751807,0.7364341085271318,-0.0548913353346703,62.705474853515625,1.0,0.7437837977368725
sub-con011,sub-011,clinical_hospital_archive,control,CONTROL,Braithwaite Memorial Hospital,GE,Signa,1.5,2D,5.0,6.5,2.12598,0.008112,160,False,T1 W COR,ROUTINE BRAIN RSUTH,256,256,26,6.19935941696167,7125.444536950439,7579.454624670092,25.30578518565744,0.940099900296004,0.003551467568715,0.6811594202898551,-0.0244513582927898,557.5310668945312,1.0,0.940099900296004
sub-con012,sub-012,clinical_hospital_archive,control,CONTROL,RSUTH Port Harcourt,GE,SIGNA Creator,1.5,2D,5.0,6.5,1.9395,0.008848,160,False,COR T1,SEIZURE/TLE  RSUTH,512,512,28,1.6758379936218262,7108.464146014652,9313.029064603965,57.34214961563703,0.7632816451772706,0.008066742468946,0.6375838926174496,0.0025560283440486,26.12050437927246,1.0,0.7632816451772706
sub-con013,sub-013,clinical_hospital_archive,control,CONTROL,RSUTH Port Harcourt,GE,SIGNA Creator,1.5,2D,4.0,5.0,2.16863,0.007728,160,False,AX T1 FSE,SEIZURE/TLE  RSUTH,256,256,29,4.76873779296875,6180.674955459312,6532.750851862133,5.140699123963714,0.9461060272484656,0.0008317374980903,0.7014925373134329,-0.0009412984672266,721.2401733398438,1.0,0.9461060272484656
sub-con014,sub-014,clinical_hospital_archive,control,CONTROL,RSUTH Port Harcourt,GE,SIGNA Creator,1.5,2D,5.0,6.5,2.51347,0.008704,160,False,SAG T1,BRAIN ROUTINE RSUTH,512,512,19,1.6760952472686768,5756.5509851613315,7540.114163983497,20.346120850997977,0.7634567408353541,0.0035344290189462,0.5577299412915852,-0.0631922948923293,31.085933685302734,1.0,0.7634567408353541
sub-dem001,sub-001,clinical_hospital_archive,dementia,DEMENTIA,UPTH,Siemens,MAGNETOM_ESSENZA,1.5,3D,1.0,,2.74,0.00528,8,True,t1_mprage_sag_POST CONTRAST,t1_mprage_sag_POST CONTRAST,208,256,145,0.95367431640625,5288.479804992676,6495.915412902832,143.59378814697266,0.8141238715159641,0.0271521861559177,0.5555555555555556,0.2145035149123422,41.701751708984375,1.0,0.8141238715159641
sub-dem003,sub-003,clinical_hospital_archive,dementia,DEMENTIA,UPTH,Siemens,MAGNETOM_ESSENZA,1.5,2D,5.0,7.5,0.42,0.0089,90,False,t1_se_tra,t1_se_tra,250,320,19,4.21875,4194.631572929677,5606.862410296686,17.149219431448728,0.7481245777007962,0.0040883732297545,0.5582329317269076,0.0402601673768937,75.0286865234375,1.0,0.7481245777007962
sub-dem005,sub-005,clinical_hospital_archive,dementia,DEMENTIA,UPTH,Siemens,MAGNETOM_ESSENZA,1.5,3D,1.0,,2.74,0.00523,8,True,t1_mprage_sag_PC,t1_mprage_sag_PC,192,208,256,1.11236572265625,7673.193466577795,9586.043187707195,66.10678391542751,0.8004547148731426,0.0086152896057384,0.6140350877192983,-0.0007552820819111,56.80324172973633,1.0,0.8004547148731426
sub-dem006,sub-006,clinical_hospital_archive,dementia,DEMENTIA,UPTH,Siemens,MAGNETOM_ESSENZA,1.5,2D,5.0,6.75,0.428,0.0089,90,False,t1_se_sag,t1_se_sag,320,320,21,3.796875,5628.874797818251,7703.210132048931,36.8220938583836,0.7307180644598436,0.0065416437886761,0.554858934169279,0.0891411950877637,58.14973449707031,1.0,0.7307180644598436
sub-dem007,sub-007,clinical_hospital_archive,dementia,DEMENTIA,UPTH,Siemens,MAGNETOM_ESSENZA,1.5,2D,3.0,4.05,0.675,0.0089,90,False,t1_se_sag,t1_se_sag,320,320,33,3.559570550918579,8057.849635287654,10683.040017873049,75.822411789326,0.7542656043417069,0.0094097575930528,0.554858934169279,0.0417473232042563,70.75056457519531,1.0,0.7542656043417069
sub-dem008,sub-008,clinical_hospital_archive,dementia,DEMENTIA,UPTH,Siemens,MAGNETOM_ESSENZA,1.5,2D,5.0,6.75,0.42,0.0089,90,False,t1_se_sag,t1_se_sag,320,320,19,3.796875,5123.412015080452,6658.3784727235325,72.44057833822444,0.7694684277964722,0.0141391280117624,0.554858934169279,0.1604059950673496,57.17289352416992,1.0,0.7694684277964722
sub-dem009,sub-009,clinical_hospital_archive,dementia,DEMENTIA,UPTH,Siemens,MAGNETOM_ESSENZA,1.5,3D,1.0,,2.74,0.00528,8,True,t1_mprage_sag_post contrast,t1_mprage_sag_post contrast,208,256,172,0.95367431640625,6145.112991333008,7630.1469802856445,41.217803955078125,0.8053728201056171,0.0067074118918905,0.5555555555555556,0.1178983608277213,44.57741928100586,1.0,0.8053728201056171
sub-dem010,sub-010,clinical_hospital_archive,dementia,DEMENTIA,UPTH,Siemens,MAGNETOM_ESSENZA,1.5,3D,1.0,,2.74,0.00528,8,True,t1_mprage_sag_post contrast,t1_mprage_sag_post contrast,192,208,256,0.95367431640625,6768.653869628906,8369.084358215332,55.34076690673828,0.8087687469638901,0.0081760373587802,0.5497382198952879,0.0246026459087829,58.16399383544922,1.0,0.8087687469638901
sub-dem011,sub-011,clinical_hospital_archive,dementia,DEMENTIA,UPTH,Siemens,MAGNETOM_ESSENZA,1.5,3D,1.0,,2.74,0.00528,8,True,t1_mprage_sag_post contrast,t1_mprage_sag_post contrast,192,208,256,0.95367431640625,6766.951560974121,8522.286415100098,31.475067138671875,0.7940300561811898,0.0046512919229675,0.5497382198952879,-0.0047338775812774,52.16859817504883,1.0,0.7940300561811898
sub-dem012,sub-012,clinical_hospital_archive,dementia,DEMENTIA,UPTH,Siemens,MAGNETOM_ESSENZA,1.5,2D,5.0,6.75,0.42,0.0089,90,False,t1_se_sag,t1_se_sag,320,320,19,3.796875,5049.684296113439,6472.855565927457,87.22560963174328,0.780132392061169,0.0172734778090736,0.554858934169279,0.1864780692322614,59.880828857421875,1.0,0.780132392061169
sub-dem037,sub-037,clinical_hospital_archive,dementia,DEMENTIA,RSUTH,GE,SIGNA Creator,1.5,2D,5.0,6.5,0.636,0.007256,160,True,Ax T1 FSE Optimized,ROUTINE BRAIN+CONTRAST 2,512,512,27,1.5498398542404177,5758.795751017518,6784.551061036298,71.05860760516953,0.8488101422200658,0.0123391435774769,0.7383419689119171,-0.1405535807710773,51.12776947021485,1.0,0.8488101422200658
sub-dem038,sub-038,clinical_hospital_archive,dementia,DEMENTIA,RSUTH,GE,SIGNA Creator,1.5,2D,5.0,6.5,0.55,0.00724,160,True,Ax T1 FSE Optimized,ROUTINE BRAIN+CONTRAST 2,512,512,21,1.5498398542404177,4304.105212326045,5141.943989519263,105.69752840988804,0.8370579728404335,0.0245573756206499,0.7402597402597403,-0.1164562395193021,60.18106842041016,1.0,0.8370579728404335
sub-dem047,sub-047,clinical_hospital_archive,dementia,DEMENTIA,RSUTH Port Harcourt,GE,Signa,1.5,2D,5.0,6.5,1.8863,0.010184,160,False,AX T1 FSE,ROUTINE BRAIN RSUTH,512,512,21,1.5497922897338867,4461.749581791926,6028.397365396377,67.86385253607295,0.7401220111007992,0.015210143754598,0.7345360824742269,0.0201366200128241,34.770408630371094,1.0,0.7401220111007992
sub-epi001,sub-001,clinical_hospital_archive,epilepsy,EPILEPSY,UPTH,Siemens,MAGNETOM_ESSENZA,1.5,3D,1.0,,2.74,0.00528,8,True,t1_mprage_sag_post contrast-POST CONTRAST,t1_mprage_sag_post contrast-POST CONTRAST,192,208,256,0.95367431640625,6626.967430114746,7905.089378356934,46.24748229980469,0.8383165721387651,0.0069786795827067,0.6402439024390244,0.0258732379711893,66.10884094238281,1.0,0.8383165721387651
sub-epi002,sub-002,clinical_hospital_archive,epilepsy,EPILEPSY,UPTH,Siemens,MAGNETOM_ESSENZA,1.5,3D,1.0,,2.74,0.00528,8,True,t1_mprage_sag_POST CONTRAST,t1_mprage_sag_POST CONTRAST,95,208,256,0.95367431640625,3413.7611389160156,4067.7223205566406,133.209228515625,0.8392316067555136,0.0390212504902798,0.5862068965517241,-0.5671356591875937,53.07614517211914,1.0,0.8392316067555136
sub-epi003,sub-003,clinical_hospital_archive,epilepsy,EPILEPSY,UPTH,Siemens,MAGNETOM_ESSENZA,1.5,3D,1.0,,2.74,0.00528,8,True,t1_mprage_sag_post contrast,t1_mprage_sag_post contrast,192,208,256,0.95367431640625,6627.846717834473,8395.86353302002,34.592628479003906,0.789418109497358,0.0052192861349555,0.5497382198952879,0.0275302846800937,57.17564392089844,1.0,0.789418109497358
sub-epi004,sub-004,clinical_hospital_archive,epilepsy,EPILEPSY,UPTH,Siemens,MAGNETOM_ESSENZA,1.5,2D,5.0,7.5,0.429,0.0089,90,False,t1_se_tra,t1_se_tra,250,320,21,4.21875,4937.287696190178,6853.498866083566,13.432500533759594,0.7204039560907658,0.0027206234192357,0.5582329317269076,-0.0408093512885364,71.6312255859375,1.0,0.7204039560907658
sub-epi005,sub-005,clinical_hospital_archive,epilepsy,EPILEPSY,UPTH,Siemens,MAGNETOM_ESSENZA,1.5,3D,1.0,,2.74,0.00528,8,True,t1_mprage_sag_post contrast,t1_mprage_sag_post contrast,192,208,256,0.95367431640625,6631.893157958984,8298.837661743164,30.510902404785156,0.7991351835367703,0.004600632380238,0.5585106382978723,0.0019252107119253,59.007564544677734,1.0,0.7991351835367703
sub-epi006,sub-006,clinical_hospital_archive,epilepsy,EPILEPSY,UPTH,Siemens,MAGNETOM_ESSENZA,1.5,3D,1.0,,2.74,0.00528,8,True,t1_mprage_sag_post contrast,t1_mprage_sag_post contrast,192,208,256,0.95367431640625,6638.53645324707,8114.876747131348,54.274559020996094,0.8180699054478958,0.008175681402555,0.5497382198952879,0.0042309952147748,58.40812683105469,1.0,0.8180699054478958
sub-epi009,sub-009,clinical_hospital_archive,epilepsy,EPILEPSY,UPTH,Siemens,MAGNETOM_ESSENZA,1.5,3D,1.0,,2.74,0.00528,8,True,t1_mprage_sag_post contrast,t1_mprage_sag_post contrast,192,208,256,0.95367431640625,6638.176918029785,8263.72241973877,80.6417465209961,0.8032913717157055,0.0121481767534648,0.5737704918032787,0.0048239865540964,54.488548278808594,1.0,0.8032913717157055
sub-hyd005,sub-005,clinical_hospital_archive,hydrocephalus,HYDROCEPHALUS,RSUTH,GE,SIGNA Creator,1.5,2D,5.0,6.5,0.611,0.007688,160,True,Ax T1 FSE,ROUTINE BRAIN+CONTRAST 2,512,512,25,1.9441473484039309,6690.826047057984,7871.574808010249,141.1956490452867,0.8499984069578155,0.0211028725081519,0.7402597402597403,0.0086147931060734,58.63467025756836,1.0,0.8499984069578155
sub-hyd009,sub-009,clinical_hospital_archive,hydrocephalus,HYDROCEPHALUS,RSUTH,GE,SIGNA Creator,1.5,2D,5.0,6.5,0.694,0.008432,160,True,COR T1 FSE ,ROUTINE BRAIN+CONTRAST 2,512,512,27,1.9441473484039309,7446.42087807029,8954.991773547605,488.3989889972145,0.8315385503833155,0.0655884212018621,0.6705882352941176,0.0098966809071026,43.659080505371094,1.0,0.8315385503833155
sub-hyd011,sub-011,clinical_hospital_archive,hydrocephalus,HYDROCEPHALUS,RSUTH,GE,SIGNA Creator,1.5,2D,5.0,6.5,0.55,0.009048,160,True,SAG T1 FSE ,ROUTINE BRAIN+CONTRAST 2,512,512,23,1.5498398542404177,6623.773773947265,7642.407569822972,357.1698940927163,0.866712971459686,0.0539224173835076,0.5577299412915852,-0.3013146946870311,69.62271881103516,1.0,0.866712971459686
sub-hyd012,sub-012,clinical_hospital_archive,hydrocephalus,HYDROCEPHALUS,RSUTH,GE,SIGNA Creator,1.5,2D,5.0,6.5,0.646,0.008456,160,True,Ax T1 FSE + C,ROUTINE BRAIN+CONTRAST 2,512,512,25,1.9441473484039309,6662.680625153589,7871.516483588261,167.544678752427,0.8464291015644778,0.0251467372036258,0.7402597402597403,0.0083412969482455,57.806434631347656,1.0,0.8464291015644778
sub-hyd013,sub-013,clinical_hospital_archive,hydrocephalus,HYDROCEPHALUS,RSUTH,GE,SIGNA Creator,1.5,2D,5.0,6.5,0.694,0.008432,160,True,COR T1 FSE + C,ROUTINE BRAIN+CONTRAST 2,512,512,27,1.9441473484039309,7474.64795416547,8949.458730048267,453.7192876826739,0.8352067068669702,0.0607010912707702,0.6737588652482269,0.0133045768035514,47.891719818115234,1.0,0.8352067068669702
sub-hyd014,sub-014,clinical_hospital_archive,hydrocephalus,HYDROCEPHALUS,RSUTH,GE,SIGNA Creator,1.5,2D,5.0,6.5,0.55,0.009048,160,True,SAG T1 FSE  + C,ROUTINE BRAIN+CONTRAST 2,512,512,23,1.5498398542404177,6616.160960569512,7778.971708825557,262.59711617662106,0.8505187071272172,0.0396902550801933,0.5577299412915852,-0.263882394940936,66.82884979248047,1.0,0.8505187071272172
sub-hyd016,sub-016,clinical_hospital_archive,hydrocephalus,HYDROCEPHALUS,RSUTH Port Harcourt,GE,Signa,1.5,2D,5.0,6.5,2.32772,0.010176,160,False,AX T1 FSE,PED ROUTINE BRAIN RSUTH,512,512,23,1.5498846769332886,4967.679517313838,6712.355250328779,123.06084334850313,0.7400799469114087,0.0247722992031993,0.7307692307692307,0.0294054055403215,41.27878189086914,1.0,0.7400799469114087
sub-hyd021,sub-021,clinical_hospital_archive,hydrocephalus,HYDROCEPHALUS,RSUTH Port Harcourt,GE,Signa,1.5,2D,5.0,6.5,1.74308,0.008752,160,False,T1 W SAG,PED ROUTINE BRAIN RSUTH,256,256,20,6.19935941696167,5535.649808401708,6152.039717622567,67.25685043586418,0.8998072285757185,0.012149766109443,0.5778688524590164,-0.2569022072056434,101.18756103515624,1.0,0.8998072285757185
sub-hyd022,sub-022,clinical_hospital_archive,hydrocephalus,HYDROCEPHALUS,RSUTH Port Harcourt,GE,Signa,1.5,2D,5.0,6.5,2.13343,0.008192,160,False,T1 W COR,PED ROUTINE BRAIN RSUTH,256,256,27,6.199674129486084,6790.069190678187,7381.586307221558,47.942080705892295,0.919865853771204,0.0070606174045634,0.6746411483253588,-0.0969403686896816,543.6654663085938,1.0,0.919865853771204
sub-hyd025,sub-025,clinical_hospital_archive,hydrocephalus,HYDROCEPHALUS,RSUTH Port Harcourt,GE,Signa,1.5,2D,5.0,6.5,2.32772,0.010176,160,True,AX T1 FSE+C,PED ROUTINE BRAIN RSUTH,512,512,23,1.5498846769332886,4872.051632747054,6562.129578247666,130.25540801882744,0.742449775587649,0.0267352273410502,0.7326478149100257,0.0148961680525453,34.30287551879883,1.0,0.742449775587649
sub-hyd026,sub-026,clinical_hospital_archive,hydrocephalus,HYDROCEPHALUS,RSUTH Port Harcourt,GE,Signa,1.5,2D,5.0,6.5,1.74308,0.008752,160,True,T1 W SAG+C,PED ROUTINE BRAIN RSUTH,256,256,20,6.19935941696167,5710.744516090024,6377.560014899354,54.06461357278749,0.8954434772465479,0.0094671742748183,0.5551181102362205,-0.2345918237744292,109.55801391601562,1.0,0.8954434772465479
sub-hyd027,sub-027,clinical_hospital_archive,hydrocephalus,HYDROCEPHALUS,RSUTH Port Harcourt,GE,Signa,1.5,2D,5.0,6.5,2.13343,0.008192,160,True,T1 W COR+C,PED ROUTINE BRAIN RSUTH,256,256,27,6.199674129486084,7208.689792708959,7814.658349847887,29.423653825186193,0.9224574472726984,0.0040816923284652,0.6682464454976303,-0.0743528505194138,655.7225952148438,1.0,0.9224574472726984
sub-hyd032,sub-032,clinical_hospital_archive,hydrocephalus,HYDROCEPHALUS,RSUTH,GE,SIGNA Creator,1.5,2D,5.0,6.5,0.55,0.007376,160,True,Ax T1 FSE,ROUTINE BRAIN+CONTRAST 2,512,512,22,1.5498398542404177,4683.812877619755,5641.779742131708,42.11379843519535,0.8302013002460831,0.0089913494700917,0.7402597402597403,-0.052686733548921,61.558650970458984,1.0,0.8302013002460831
sub-hyd035,sub-035,clinical_hospital_archive,hydrocephalus,HYDROCEPHALUS,RSUTH,GE,SIGNA Creator,1.5,2D,5.0,6.5,0.553,0.00744,160,True,COR T1 FSE,ROUTINE BRAIN+CONTRAST 2,512,512,24,1.3115742206573486,4457.075549169444,5449.880856959731,91.55575193255208,0.8178299060386921,0.0205416648029699,0.7054455445544554,-0.0487272324928257,45.45372009277344,1.0,0.8178299060386921
sub-hyd038,sub-038,clinical_hospital_archive,hydrocephalus,HYDROCEPHALUS,RSUTH,GE,SIGNA Creator,1.5,2D,5.0,6.5,0.641,0.008632,160,True,SAG T1 FSE,ROUTINE BRAIN+CONTRAST 2,512,512,19,1.8072943687438965,6321.875771987252,7312.954409478698,37.99474849598482,0.864476300275186,0.0060100435165687,0.5588235294117647,-0.2625871289070429,140.5577850341797,1.0,0.864476300275186
sub-hyd039,sub-039,clinical_hospital_archive,hydrocephalus,HYDROCEPHALUS,RSUTH,GE,SIGNA Creator,1.5,2D,5.0,6.5,0.641,0.008632,160,True,SAG T1 FSE + C,ROUTINE BRAIN+CONTRAST 2,512,512,19,1.8072943687438965,6329.1971212788485,7533.94312978955,32.45177681557834,0.8400909075425481,0.0051273133374966,0.5577299412915852,-0.1813525816034076,96.13467407226562,1.0,0.8400909075425481
sub-hyd040,sub-040,clinical_hospital_archive,hydrocephalus,HYDROCEPHALUS,RSUTH,GE,SIGNA Creator,1.5,2D,5.0,6.5,0.55,0.007376,160,True,Ax T1 FSE + C,ROUTINE BRAIN+CONTRAST 2,512,512,22,1.5498398542404177,4687.0132969245315,5614.280933548347,49.484836795250885,0.8348376848969397,0.010557861405625,0.7402597402597403,-0.0387594438448352,64.75133514404297,1.0,0.8348376848969397
sub-hyd041,sub-041,clinical_hospital_archive,hydrocephalus,HYDROCEPHALUS,RSUTH,GE,SIGNA Creator,1.5,2D,5.0,6.5,0.553,0.00744,160,True,COR T1 FSE + C,ROUTINE BRAIN+CONTRAST 2,512,512,24,1.3115742206573486,4463.4589810328325,5425.291462964495,117.31375858245885,0.8227132148571984,0.0262831492528498,0.6985294117647058,-0.0640192810679342,51.70417022705078,1.0,0.8227132148571984
sub-hyd043,sub-043,clinical_hospital_archive,hydrocephalus,HYDROCEPHALUS,RSUTH Port Harcourt,GE,Signa,1.5,2D,5.0,6.5,1.90403,0.010416,160,False,AX T1 FSE,ROUTINE BRAIN RSUTH,512,512,21,1.549806833267212,4485.711193870753,5544.573292020941,77.16488032718189,0.8090273060915308,0.0172023737133633,0.7326478149100257,0.0247376974869816,35.33354187011719,1.0,0.8090273060915308
sub-hyd048,sub-048,clinical_hospital_archive,hydrocephalus,HYDROCEPHALUS,RSUTH Port Harcourt,GE,Signa,1.5,2D,5.0,6.5,1.76652,0.009008,160,False,T1 W SAG,ROUTINE BRAIN RSUTH,256,256,20,6.19935941696167,5717.123656941578,6311.053286954295,93.70951711572708,0.9058905696073838,0.0163910250571452,0.5529411764705883,-0.0172585045520986,89.08043670654297,1.0,0.9058905696073838
sub-hyd050,sub-050,clinical_hospital_archive,hydrocephalus,HYDROCEPHALUS,RSUTH Port Harcourt,GE,Signa,1.5,2D,5.0,6.5,2.47368,0.008384,160,False,T1 W COR,ROUTINE BRAIN RSUTH,256,256,28,12.399065971374512,15856.310278248042,16841.564879778773,1.4630898162722588,0.9414986310022948,9.22717700775161e-05,0.5797101449275363,-0.0075553376482115,792.8894653320312,1.0,0.9414986310022948
sub-hyd052,sub-052,clinical_hospital_archive,hydrocephalus,HYDROCEPHALUS,RSUTH Port Harcourt,GE,Signa,1.5,2D,5.0,6.5,1.90403,0.010416,160,True,AX T1 FSE+C,ROUTINE BRAIN RSUTH,512,512,21,1.549806833267212,4474.250372621114,5191.496307965135,85.14173590147402,0.8618421563271508,0.0190292739142347,0.7326478149100257,-0.0046533168131465,34.647857666015625,1.0,0.8618421563271508
sub-hyd053,sub-053,clinical_hospital_archive,hydrocephalus,HYDROCEPHALUS,RSUTH Port Harcourt,GE,Signa,1.5,2D,5.0,6.5,2.47368,0.008384,160,True,T1 W COR+C,ROUTINE BRAIN RSUTH,256,256,29,6.199720859527588,8151.78966537863,8683.434321537148,3.794229118153453,0.9387748399455385,0.0004654473770671,0.6746411483253588,-0.0072189975541196,662.2496337890625,1.0,0.9387748399455385
sub-hyd054,sub-054,clinical_hospital_archive,hydrocephalus,HYDROCEPHALUS,RSUTH Port Harcourt,GE,Signa,1.5,2D,5.0,6.5,1.76652,0.009008,160,True,T1 W SAG+C,ROUTINE BRAIN RSUTH,256,256,21,6.19935941696167,5983.553527084645,6774.2508253464475,87.65894231386483,0.883279004771518,0.0146499804701462,0.5529411764705883,-0.0733265712725694,106.10482025146484,1.0,0.883279004771518
sub-hyd057,sub-057,clinical_hospital_archive,hydrocephalus,HYDROCEPHALUS,RSUTH Port Harcourt,GE,Signa,1.5,2D,5.0,6.5,1.89353,0.010256,160,False,AX T1 FSE,ROUTINE BRAIN RSUTH,512,512,20,1.5498398542404177,4295.497401760076,5633.1843302845955,60.023747823084705,0.7625345008980138,0.0139736431451431,0.7345360824742269,0.0067737658190739,31.309877395629883,1.0,0.7625345008980138
sub-hyd060,sub-060,clinical_hospital_archive,hydrocephalus,HYDROCEPHALUS,RSUTH Port Harcourt,GE,Signa,1.5,2D,5.0,6.5,1.74535,0.008784,160,False,T1 W SAG,ROUTINE BRAIN RSUTH,256,256,20,6.199486255645752,5689.671349560376,6475.933571644127,17.842120961286128,0.8785870464257816,0.003135879010422,0.5529411764705883,0.0569405021982751,98.23062896728516,1.0,0.8785870464257816
sub-hyd061,sub-061,clinical_hospital_archive,hydrocephalus,HYDROCEPHALUS,RSUTH Port Harcourt,GE,Signa,1.5,2D,5.0,6.5,2.12825,0.008144,160,False,T1 W COR,ROUTINE BRAIN RSUTH,256,256,24,6.19935941696167,6495.397438909393,6884.673815480433,9.10065964050591,0.9434575425061186,0.0014010935783529,0.7085427135678392,-0.0069539290271657,678.9507446289062,1.0,0.9434575425061186
sub-hyd065,sub-065,clinical_hospital_archive,hydrocephalus,HYDROCEPHALUS,RSUTH,GE,SIGNA Creator,1.5,2D,4.0,5.0,0.564,0.008952,160,True,AX T1,PEDIATRIC BRAIN+C 2022 F,256,256,27,2.4717483520507812,3016.751465959009,3247.400184382219,2.731281842570752,0.9289743470692424,0.0009053718456394,0.7230769230769231,-0.0428957806394629,132.0674591064453,1.0,0.9289743470692424
sub-hyd071,sub-071,clinical_hospital_archive,hydrocephalus,HYDROCEPHALUS,RSUTH,GE,SIGNA Creator,1.5,2D,4.0,5.0,7.659,0.12168,160,True,Sag T1 PROP,PEDIATRIC BRAIN+C 2022 F,512,512,24,0.7628417611122131,3444.6944475276396,3846.258937923005,16.404912493308075,0.8955960852151541,0.004762370870102,0.5577299412915852,-0.2824762468309915,160.97799682617188,1.0,0.8955960852151541
sub-hyd073,sub-073,clinical_hospital_archive,hydrocephalus,HYDROCEPHALUS,RSUTH,GE,SIGNA Creator,1.5,2D,4.0,5.0,0.691,0.008992,160,True,COR T1,PEDIATRIC BRAIN+C 2022 F,256,256,32,2.4717483520507812,3641.824471680447,3904.3068361221817,9.367925957776606,0.9327710716756996,0.0025723167139502,0.7014925373134329,-0.0458564660847846,110.70886993408205,1.0,0.9327710716756996
sub-hyd076,sub-076,clinical_hospital_archive,hydrocephalus,HYDROCEPHALUS,RSUTH,GE,SIGNA Creator,1.5,2D,4.0,5.0,0.564,0.008952,160,True,AX T1+ C,PEDIATRIC BRAIN+C 2022 F,256,256,27,2.4717483520507812,3034.7013019234873,3252.1187518369406,4.374994444660842,0.9331459068674396,0.0014416557049248,0.7230769230769231,-0.0443492390582811,152.33070373535156,1.0,0.9331459068674396
sub-hyd077,sub-077,clinical_hospital_archive,hydrocephalus,HYDROCEPHALUS,RSUTH,GE,SIGNA Creator,1.5,2D,4.0,5.0,0.691,0.008992,160,True,COR T1+C,PEDIATRIC BRAIN+C 2022 F,256,256,32,2.4717483520507812,3637.0366952740583,3905.260930955876,6.542717680800706,0.9313172050667138,0.0017989143989947,0.698019801980198,-0.0484979710393131,127.46028900146484,1.0,0.9313172050667138
sub-hyd078,sub-078,clinical_hospital_archive,hydrocephalus,HYDROCEPHALUS,RSUTH,GE,SIGNA Creator,1.5,2D,4.0,5.0,0.662,0.008704,160,True,SAGT1+C,PEDIATRIC BRAIN+C 2022 F,256,256,22,4.035613059997559,4053.4423723043874,4399.342836667784,1.7797053479589522,0.921374514966105,0.0004390602318954,0.6911764705882353,-0.0444994016435388,169.47311401367188,1.0,0.921374514966105
sub-hyd080,sub-080,clinical_hospital_archive,hydrocephalus,HYDROCEPHALUS,RSUTH Port Harcourt,GE,Signa,1.5,2D,5.0,6.5,3.07508,0.010104,160,False,AX T1 FSE,PED ROUTINE BRAIN RSUTH,512,512,29,1.5498398542404177,6125.9652118678205,7595.887576674228,193.6865866133012,0.8064844496487407,0.0316173174209465,0.7270408163265306,-0.0287736512572343,14.819828987121582,1.0,0.8064844496487407
sub-hyd087,sub-087,clinical_hospital_archive,hydrocephalus,HYDROCEPHALUS,RSUTH Port Harcourt,GE,Signa,1.5,2D,5.0,6.5,2.18981,0.008752,160,False,T1 W SAG,PED ROUTINE BRAIN RSUTH,256,256,24,6.19935941696167,6500.815679049585,7265.178098460659,68.43472872721031,0.8947909591406952,0.0105270987681987,0.5662650602409639,-0.2873261893886005,92.76494598388672,1.0,0.8947909591406952
sub-hyd090,sub-090,clinical_hospital_archive,hydrocephalus,HYDROCEPHALUS,RSUTH Port Harcourt,GE,Signa,1.5,2D,5.0,6.5,2.90718,0.008176,160,False,T1 W COR,PED ROUTINE BRAIN RSUTH,256,256,29,6.19902229309082,7202.352643966209,7823.631055851001,55.840792782604694,0.920589505378048,0.0077531322809339,0.7121212121212122,-0.0165270477418399,393.299560546875,1.0,0.920589505378048
sub-hyd092,sub-092,clinical_hospital_archive,hydrocephalus,HYDROCEPHALUS,RSUTH Port Harcourt,GE,Signa,1.5,2D,5.0,6.5,3.0752,0.010104,160,True,AX T1 FSE+C,PED ROUTINE BRAIN RSUTH,512,512,29,1.5498398542404177,6341.0550869067665,7322.13626304653,239.06124810769688,0.8660116199843072,0.0377005474374948,0.7289002557544757,-0.0015006992671992,12.13744831085205,1.0,0.8660116199843072
sub-hyd093,sub-093,clinical_hospital_archive,hydrocephalus,HYDROCEPHALUS,RSUTH Port Harcourt,GE,Signa,1.5,2D,5.0,6.5,2.18981,0.008752,160,True,T1 W SAG+C,PED ROUTINE BRAIN RSUTH,256,256,24,6.19935941696167,6783.022918937262,7543.163574577775,68.05036844266579,0.899227870624155,0.0100324544463322,0.5551181102362205,-0.2575864895914542,96.52400970458984,1.0,0.899227870624155
sub-hyd094,sub-094,clinical_hospital_archive,hydrocephalus,HYDROCEPHALUS,RSUTH Port Harcourt,GE,Signa,1.5,2D,5.0,6.5,2.90718,0.008176,160,True,T1 W COR+C,PED ROUTINE BRAIN RSUTH,256,256,29,6.19902229309082,7387.653818239924,8105.742361217737,36.89038164401427,0.9114098979491948,0.004993517908613,0.6878048780487804,-0.0215197042991579,523.44970703125,1.0,0.9114098979491948
sub-hyd096,sub-096,clinical_hospital_archive,hydrocephalus,HYDROCEPHALUS,RSUTH,GE,SIGNA Creator,1.5,2D,4.0,5.0,0.42,0.008688,160,True,AX T1,PEDIATRIC BRAIN+C 2022 F,256,256,28,6.866748332977295,8742.936388794333,9151.76199094858,14.550639954395592,0.9553282086489366,0.0016642737985655,0.7305699481865285,-0.0218154171915791,154.62765502929688,1.0,0.9553282086489366
sub-hyd107,sub-107,clinical_hospital_archive,hydrocephalus,HYDROCEPHALUS,RSUTH,GE,SIGNA Creator,1.5,2D,4.0,5.0,0.42,0.008688,160,True,AX T1,PEDIATRIC BRAIN+C 2022 F,256,256,28,6.866748332977295,8744.598141917959,9148.314883229325,10.753328064456582,0.9558698245016188,0.0012297109472543,0.7305699481865285,-0.023102232482901,155.40826416015625,1.0,0.9558698245016188
sub-hyd108,sub-108,clinical_hospital_archive,hydrocephalus,HYDROCEPHALUS,RSUTH,GE,SIGNA Creator,1.5,2D,5.0,6.0,0.542,0.008696,160,True,SAG T1+C,PEDIATRIC BRAIN+C 2022 F,256,256,27,5.2734375,6362.697768619284,7064.064968505874,19.263867527712137,0.900713370698948,0.0030276257380511,0.6844660194174758,-0.0905121685193227,130.9703369140625,1.0,0.900713370698948
sub-hyd110,sub-110,clinical_hospital_archive,hydrocephalus,HYDROCEPHALUS,RSUTH,GE,SIGNA Creator,1.5,2D,4.0,5.0,0.42,0.008688,160,True,AX T1 +C,PEDIATRIC BRAIN+C 2022 F,256,256,28,6.866748332977295,8740.697828801349,9149.31056175381,10.183387943543494,0.9553395056168982,0.0011650543403969,0.7305699481865285,-0.0219152770598207,171.1897430419922,1.0,0.9553395056168982
sub-hyd111,sub-111,clinical_hospital_archive,hydrocephalus,HYDROCEPHALUS,RSUTH,GE,SIGNA Creator,1.5,2D,5.0,6.0,0.662,0.008696,160,True,SAG T1+C,PEDIATRIC BRAIN+C 2022 F,256,256,22,5.2734375,5087.237785156351,5698.234085009433,5.410546970553696,0.8927744471817235,0.0010635529926162,0.6878048780487804,-0.1419252382369069,128.10812377929688,1.0,0.8927744471817235
sub-hyd112,sub-112,clinical_hospital_archive,hydrocephalus,HYDROCEPHALUS,RSUTH,GE,SIGNA Creator,1.5,2D,4.0,5.0,0.725,0.008736,160,True,COR T1+C,PEDIATRIC BRAIN+C 2022 F,256,256,36,3.6928415298461914,6104.459230547771,6570.964834253769,6.159659827128053,0.9290050068029352,0.0010090426677442,0.6878048780487804,-0.021231032054648,192.1197509765625,1.0,0.9290050068029352
sub-hyd113,sub-113,clinical_hospital_archive,hydrocephalus,HYDROCEPHALUS,RSUTH Port Harcourt,GE,Signa,1.5,2D,5.0,6.5,2.35397,0.010512,160,False,AX T1 FSE,ROUTINE BRAIN RSUTH,512,512,23,1.549808144569397,4901.601616172702,5888.8774785732385,104.00142853683792,0.8323490570159163,0.0212178460594773,0.7441253263707572,-0.0256735115241177,30.217575073242188,1.0,0.8323490570159163
sub-hyd118,sub-118,clinical_hospital_archive,hydrocephalus,HYDROCEPHALUS,RSUTH Port Harcourt,GE,Signa,1.5,2D,5.0,6.5,2.22242,0.009112,160,False,T1 W SAG,ROUTINE BRAIN RSUTH,256,256,24,6.19935941696167,6740.885872904211,7556.696776209399,83.69755163928494,0.8920413340027631,0.0124164024161449,0.5529411764705883,0.1847276686850256,113.53195190429688,1.0,0.8920413340027631
sub-hyd119,sub-119,clinical_hospital_archive,hydrocephalus,HYDROCEPHALUS,RSUTH Port Harcourt,GE,Signa,1.5,2D,5.0,6.5,2.48464,0.008504,160,False,T1 W COR,ROUTINE BRAIN RSUTH,256,256,29,6.19935941696167,7961.291769927368,8478.225355842616,22.720652304124087,0.9390280908776488,0.002853890167667,0.6682464454976303,-0.0826717084095149,671.853271484375,1.0,0.9390280908776488
sub-hyd121,sub-121,clinical_hospital_archive,hydrocephalus,HYDROCEPHALUS,RSUTH Port Harcourt,GE,Signa,1.5,2D,5.0,6.5,2.35397,0.010512,160,True,AX T1 FSE+C,ROUTINE BRAIN RSUTH,512,512,23,1.549808144569397,4836.452329202788,5870.620738070691,92.17329241498372,0.8238400239072896,0.0190580380289155,0.7441253263707572,-0.0271453831507127,33.11760330200195,1.0,0.8238400239072896
sub-hyd122,sub-122,clinical_hospital_archive,hydrocephalus,HYDROCEPHALUS,RSUTH Port Harcourt,GE,Signa,1.5,2D,5.0,6.5,2.22242,0.009112,160,True,T1 W SAG+C,ROUTINE BRAIN RSUTH,256,256,24,6.19935941696167,6861.091452215798,7668.514622214716,69.06706338888034,0.8947093133708169,0.0100664834261282,0.5529411764705883,0.1719099844408181,118.5546875,1.0,0.8947093133708169
sub-hyd123,sub-123,clinical_hospital_archive,hydrocephalus,HYDROCEPHALUS,RSUTH Port Harcourt,GE,Signa,1.5,2D,5.0,6.5,2.48464,0.008504,160,True,T1 W COR+C,ROUTINE BRAIN RSUTH,256,256,29,6.19935941696167,8051.467652169056,8568.413636803161,21.62956504477188,0.9396684139507794,0.002686412711221,0.6650943396226415,-0.0791186656790564,611.5577392578125,1.0,0.9396684139507794
sub-hyd126,sub-126,clinical_hospital_archive,hydrocephalus,HYDROCEPHALUS,RSUTH Port Harcourt,GE,Signa,1.5,2D,5.0,6.5,2.32405,0.010144,160,False,AX T1 FSE,ROUTINE BRAIN RSUTH,512,512,23,1.5498080253601074,4896.212565305177,6397.88980135927,43.11876028077677,0.7652855421587518,0.0088065539854863,0.7364341085271318,-0.0284372370805871,48.02056884765625,1.0,0.7652855421587518
sub-hyd129,sub-129,clinical_hospital_archive,hydrocephalus,HYDROCEPHALUS,RSUTH Port Harcourt,GE,Signa,1.5,2D,5.0,6.5,2.19121,0.008768,160,False,T1 W SAG,ROUTINE BRAIN RSUTH,256,256,22,6.19935941696167,6311.084283751436,7228.564681678079,43.99065450206399,0.8730757158122774,0.0069703798149745,0.5490196078431373,-0.1024260772360518,112.63985443115234,1.0,0.8730757158122774
sub-hyd130,sub-130,clinical_hospital_archive,hydrocephalus,HYDROCEPHALUS,RSUTH Port Harcourt,GE,Signa,1.5,2D,5.0,6.5,2.13397,0.008176,160,False,T1 W COR,ROUTINE BRAIN RSUTH,256,256,27,6.19935941696167,7494.331220362335,7932.979295419063,21.840343265328556,0.9447057582376364,0.0029142484663591,0.6746411483253588,-0.0141022162516295,751.4883422851562,1.0,0.9447057582376364
sub-hyd132,sub-132,clinical_hospital_archive,hydrocephalus,HYDROCEPHALUS,RSUTH Port Harcourt,GE,Signa,1.5,2D,5.0,6.5,2.32232,0.010128,160,True,AX T1 FSE+C,ROUTINE BRAIN RSUTH,512,512,23,1.5498398542404177,4932.084823997808,6436.0246238262625,44.58424316730816,0.7663247287369215,0.0090396343044176,0.7383419689119171,-0.0386064376324309,53.82799530029297,1.0,0.7663247287369215
sub-hyd133,sub-133,clinical_hospital_archive,hydrocephalus,HYDROCEPHALUS,RSUTH Port Harcourt,GE,Signa,1.5,2D,5.0,6.5,2.19121,0.008768,160,True,T1 W SAG+C,ROUTINE BRAIN RSUTH,256,256,22,6.19935941696167,6272.666853375267,7259.623472413048,49.45229015825316,0.864048511222618,0.0078837743680972,0.5490196078431373,-0.1022172806562399,120.9498519897461,1.0,0.864048511222618
sub-hyd134,sub-134,clinical_hospital_archive,hydrocephalus,HYDROCEPHALUS,RSUTH Port Harcourt,GE,Signa,1.5,2D,5.0,6.5,2.13754,0.0082,160,True,T1 W COR+C,ROUTINE BRAIN RSUTH,256,256,21,6.19935941696167,5822.655352486763,6186.427564370446,16.167929388582706,0.9411983397366908,0.0027767278689571,0.6714285714285714,-0.0094225619786315,735.8447265625,1.0,0.9411983397366908
sub-hyd135,sub-135,clinical_hospital_archive,hydrocephalus,HYDROCEPHALUS,UPTH,Siemens,MAGNETOM_ESSENZA,1.5,3D,1.0,,2.74,0.00528,8,True,t1_mprage_sag_post contrast,t1_mprage_sag_post contrast,192,208,256,0.95367431640625,6848.881721496582,8218.26171875,50.20713806152344,0.833373523000713,0.0073307059609364,0.6069364161849711,0.0537873805641187,41.97407913208008,1.0,0.833373523000713
sub-hyd136,sub-136,clinical_hospital_archive,hydrocephalus,HYDROCEPHALUS,UPTH,Siemens,MAGNETOM_ESSENZA,1.5,3D,1.0,,2.74,0.00528,8,True,t1_mprage_sag_POST CONTRAST,t1_mprage_sag_POST CONTRAST,192,208,256,0.95367431640625,6601.81999206543,7792.71125793457,110.16368865966795,0.8471788282086584,0.0166868664689541,0.6402439024390244,-0.007237837142886,54.266361236572266,1.0,0.8471788282086584
sub-hyd137,sub-137,clinical_hospital_archive,hydrocephalus,HYDROCEPHALUS,UPTH,Siemens,MAGNETOM_ESSENZA,1.5,3D,1.0,,2.74,0.00528,8,True,t1_mprage_sag_POST CONTRAST,t1_mprage_sag_POST CONTRAST,192,208,256,0.95367431640625,6824.623107910156,8410.73226928711,47.72186279296875,0.8114184222497679,0.006992600476011,0.580110497237569,0.0061575129371493,42.938819885253906,1.0,0.8114184222497679
sub-hyd139,sub-139,clinical_hospital_archive,hydrocephalus,HYDROCEPHALUS,UPTH,Siemens,MAGNETOM_ESSENZA,1.5,3D,1.0,,2.74,0.00528,8,True,t1_mprage_sag_post contrast,t1_mprage_sag_post contrast,192,208,256,0.95367431640625,6778.493881225586,8027.613639831543,36.93294525146485,0.8443971253912801,0.005448547405753,0.5965909090909091,-0.0269631836501089,53.3223876953125,1.0,0.8443971253912801
sub-hyd140,sub-140,clinical_hospital_archive,hydrocephalus,HYDROCEPHALUS,UPTH,Siemens,MAGNETOM_ESSENZA,1.5,3D,1.0,,2.74,0.00528,8,True,t1_mprage_sag_post contrast,t1_mprage_sag_post contrast,192,208,256,0.95367431640625,6415.523529052734,7895.898818969727,132.6770782470703,0.8125133915900211,0.0206806315410178,0.5497382198952879,-0.0176900696935588,39.41170883178711,1.0,0.8125133915900211
sub-hyd141,sub-141,clinical_hospital_archive,hydrocephalus,HYDROCEPHALUS,UPTH,Siemens,MAGNETOM_ESSENZA,1.5,3D,1.0,,2.74,0.00523,8,True,t1_mprage_sag_post contrast,t1_mprage_sag_post contrast,192,208,256,1.11236572265625,7910.246393597685,9339.301555040176,39.99622276099399,0.8469847929183454,0.0050562549850995,0.6521739130434783,0.0431775713551258,31.76045608520508,1.0,0.8469847929183454
sub-hyd142,sub-142,clinical_hospital_archive,hydrocephalus,HYDROCEPHALUS,UPTH,Siemens,MAGNETOM_ESSENZA,1.5,3D,1.0,,2.84,0.00523,8,True,t1_mprage_sag_post contrast,t1_mprage_sag_post contrast,208,208,256,1.11236572265625,8135.54050231725,10819.14066224778,141.14586477074772,0.7519581042795143,0.017349291633487,0.5555555555555556,0.1728048951232531,38.22322463989258,1.0,0.7519581042795143
sub-hyd143,sub-143,clinical_hospital_archive,hydrocephalus,HYDROCEPHALUS,UPTH,Siemens,MAGNETOM_ESSENZA,1.5,3D,1.0,,2.74,0.00528,8,True,t1_mprage_sag_post contrast,t1_mprage_sag_post contrast,192,208,256,0.95367431640625,6911.798477172852,8766.23821258545,51.54991149902344,0.7884566115542891,0.0074582486265006,0.5497382198952879,-0.0080142989088996,43.118255615234375,1.0,0.7884566115542891
sub-hyd144,sub-144,clinical_hospital_archive,hydrocephalus,HYDROCEPHALUS,UPTH,Siemens,MAGNETOM_ESSENZA,1.5,3D,1.0,,2.74,0.00528,8,True,t1_mprage_sag_post contrast,t1_mprage_sag_post contrast,192,208,256,0.95367431640625,6596.117973327637,8546.371459960938,59.45873260498047,0.7718033324703845,0.009014200905049,0.5497382198952879,-0.0359628258732592,51.679935455322266,1.0,0.7718033324703845
sub-hyd145,sub-145,clinical_hospital_archive,hydrocephalus,HYDROCEPHALUS,UPTH,Siemens,MAGNETOM_ESSENZA,1.5,3D,1.0,,2.74,0.00528,8,True,t1_mprage_sag_post contrast,t1_mprage_sag_post contrast,192,208,256,0.95367431640625,6541.742324829102,8020.251274108887,162.58621215820312,0.8156530389449601,0.0248536558129336,0.5497382198952879,-0.0279238441673856,41.89360809326172,1.0,0.8156530389449601
sub-hyd146,sub-146,clinical_hospital_archive,hydrocephalus,HYDROCEPHALUS,UPTH,Siemens,MAGNETOM_ESSENZA,1.5,3D,1.0,,2.74,0.00528,8,True,t1_mprage_sag_POST CONTRAST,t1_mprage_sag_POST CONTRAST,192,208,256,0.95367431640625,6838.245391845703,8512.508392333984,78.18794250488281,0.8033173157284574,0.0114339187941571,0.5614973262032086,0.0083877931836628,43.22599411010742,1.0,0.8033173157284574
sub-hyd147,sub-147,clinical_hospital_archive,hydrocephalus,HYDROCEPHALUS,UPTH,Siemens,MAGNETOM_ESSENZA,1.5,3D,1.0,,2.8,0.00541,8,True,t1_mprage_sag_post contrast,t1_mprage_sag_post contrast,192,208,256,0.67291259765625,4732.762363710208,5956.1032927565975,74.9617878725985,0.794607166982122,0.0158389080439341,0.5737704918032787,-0.0714474816052322,23.094133377075195,1.0,0.794607166982122
sub-hyd148,sub-148,clinical_hospital_archive,hydrocephalus,HYDROCEPHALUS,UPTH,Siemens,MAGNETOM_ESSENZA,1.5,2D,5.0,6.75,0.428,0.0089,90,False,t1_se_sag,t1_se_sag,320,320,21,3.796875,5726.427907480393,7264.093943256419,51.591937651857734,0.7883196379634503,0.0090094450651275,0.554858934169279,0.3698792264925954,60.13773727416992,1.0,0.7883196379634503
sub-hyd149,sub-149,clinical_hospital_archive,hydrocephalus,HYDROCEPHALUS,UPTH,Siemens,MAGNETOM_ESSENZA,1.5,3D,1.0,,2.74,0.00523,8,True,t1_mprage_sag_POST CONTRAST,t1_mprage_sag_POST CONTRAST,192,208,256,1.11236572265625,7938.160099626286,9523.222332205274,31.528894702903926,0.8335582035905342,0.0039718139099245,0.580110497237569,-0.0188910590186548,61.10678482055664,1.0,0.8335582035905342
sub-hyd150,sub-150,clinical_hospital_archive,hydrocephalus,HYDROCEPHALUS,UPTH,Siemens,MAGNETOM_ESSENZA,1.5,3D,1.0,,2.74,0.00528,8,True,t1_mprage_sag_post contrast,t1_mprage_sag_post contrast,192,208,256,0.95367431640625,6981.905937194824,7930.315971374512,41.095733642578125,0.8804070307408817,0.0058860337008621,0.5932203389830508,-0.0405528762983606,45.868858337402344,1.0,0.8804070307408817
sub-hyd151,sub-151,clinical_hospital_archive,hydrocephalus,HYDROCEPHALUS,UPTH,Siemens,MAGNETOM_ESSENZA,1.5,3D,1.0,,2.74,0.00528,8,True,t1_mprage_sag_post contrast,t1_mprage_sag_post contrast,192,208,256,0.95367431640625,6665.1201248168945,8278.191566467285,143.6624526977539,0.8051420496012067,0.0215543681145132,0.5497382198952879,-0.0446798022860585,27.03215789794922,1.0,0.8051420496012067
sub-hyd152,sub-152,clinical_hospital_archive,hydrocephalus,HYDROCEPHALUS,UPTH,Siemens,MAGNETOM_ESSENZA,1.5,3D,1.0,,2.74,0.00528,8,True,t1_mprage_sag_POST CONTRAST,t1_mprage_sag_POST CONTRAST,192,208,256,0.95367431640625,7059.059143066406,8948.141098022461,110.4593276977539,0.7888855423420243,0.0156478824527557,0.5497382198952879,0.111098141573313,20.61593437194824,1.0,0.7888855423420243
sub-hyd153,sub-153,clinical_hospital_archive,hydrocephalus,HYDROCEPHALUS,UPTH,Siemens,MAGNETOM_ESSENZA,1.5,3D,1.0,,2.74,0.00528,8,True,t1_mprage_sag_post contrast,t1_mprage_sag_post contrast,192,208,256,0.95367431640625,6888.99040222168,7863.097190856934,36.61537170410156,0.8761166541642232,0.005315056280568,0.6441717791411042,-0.1526567667502349,53.343406677246094,1.0,0.8761166541642232
sub-hyd154,sub-154,clinical_hospital_archive,hydrocephalus,HYDROCEPHALUS,UPTH,Siemens,MAGNETOM_ESSENZA,1.5,3D,1.0,,2.74,0.00528,8,True,t1_mprage_sag_post contrast,t1_mprage_sag_post contrast,208,256,94,0.95367431640625,3056.032180786133,3917.085647583008,140.98548889160156,0.7801800766526057,0.0461335092536016,0.5555555555555556,-0.1403808790313067,39.35494613647461,1.0,0.7801800766526057
sub-hyd156,sub-156,clinical_hospital_archive,hydrocephalus,HYDROCEPHALUS,UPTH,Siemens,MAGNETOM_ESSENZA,1.5,3D,1.0,,2.74,0.00528,8,True,t1_mprage_sag_post contrast,t1_mprage_sag_post contrast,192,208,256,0.95367431640625,6688.763618469238,8304.030418395996,102.44178771972656,0.8054839977044831,0.0153155042640258,0.5497382198952879,-0.0018789003257492,50.44657897949219,1.0,0.8054839977044831
sub-hyd157,sub-157,clinical_hospital_archive,hydrocephalus,HYDROCEPHALUS,UPTH,Siemens,MAGNETOM_ESSENZA,1.5,2D,5.0,6.75,0.428,0.0089,90,False,t1_se_sag,t1_se_sag,320,320,21,3.796875,5695.149251138326,7633.742506844457,48.372187642380595,0.7460494306733587,0.0084935768158687,0.554858934169279,0.1009668943843056,69.41094970703125,1.0,0.7460494306733587
sub-hyd158,sub-158,clinical_hospital_archive,hydrocephalus,HYDROCEPHALUS,UPTH,Siemens,MAGNETOM_ESSENZA,1.5,3D,1.0,,2.77,0.00537,8,True,t1_mprage_sag_POST CONTRAST,t1_mprage_sag_POST CONTRAST,192,208,256,0.738525390625,5228.96302495792,6456.667732852511,20.826416672207415,0.8098547488129455,0.0039828961445706,0.603448275862069,0.0359542531893182,56.256927490234375,1.0,0.8098547488129455
sub-hyd159,sub-159,clinical_hospital_archive,hydrocephalus,HYDROCEPHALUS,UPTH,Siemens,MAGNETOM_ESSENZA,1.5,3D,1.0,,2.74,0.00528,8,True,t1_mprage_sag_post contrast,t1_mprage_sag_post contrast,192,208,256,0.95367431640625,6942.817687988281,7840.351104736328,60.05287170410156,0.8855238235178206,0.0086496397288378,0.5497382198952879,-0.0764508922439228,42.66637420654297,1.0,0.8855238235178206
sub-hyd160,sub-160,clinical_hospital_archive,hydrocephalus,HYDROCEPHALUS,UPTH,Siemens,MAGNETOM_ESSENZA,1.5,3D,1.0,,2.74,0.00528,8,True,t1_mprage_sag_post contrast,t1_mprage_sag_post contrast,192,208,256,0.95367431640625,6748.467445373535,8832.741737365723,75.2401351928711,0.7640286160326701,0.0111492180709047,0.5497382198952879,-0.0111801665309786,42.00917434692383,1.0,0.7640286160326701
sub-hyd161,sub-161,clinical_hospital_archive,hydrocephalus,HYDROCEPHALUS,UPTH,Siemens,MAGNETOM_ESSENZA,1.5,3D,1.0,,2.74,0.00528,8,True,t1_mprage_sag_POST CONTRAST,t1_mprage_sag_POST CONTRAST,192,208,256,0.95367431640625,7138.134002685547,9165.037155151367,50.55999755859375,0.7788439786819016,0.0070830832735238,0.5497382198952879,0.0060217430455761,24.05514335632324,1.0,0.7788439786819016
sub-con015,brainlife_sub-01,brainlife_sci_data_2025,control,CONTROL,INTERCONTINENTAL DIAG. CENTER,,Brivo MR235,0.3,2D,5.0,7.0,0.4515,0.01396,90,False,Axi SE2D T1W ,Axi SE2D T1W ,256,256,19,6.200692176818848,5177.286513338331,7190.304015923757,34.686671891249716,0.7200372198272331,0.0066997783108749,0.5529411764705883,0.036646374107285,264.525634765625,1.0,0.7200372198272331
sub-con016,brainlife_sub-02,brainlife_sci_data_2025,control,CONTROL,INTERCONTINENTAL DIAG. CENTER,,Brivo MR235,0.3,2D,5.5,7.5,0.3974,0.01235,90,False,Sag SE2D T1W ,Sag SE2D T1W ,512,512,20,1.6544052362442017,5274.700595101807,7135.0181006345665,143.1656138608232,0.7392694062868168,0.0271419412873916,0.6277533039647577,0.0104670988333506,28.73451232910156,1.0,0.7392694062868168
sub-con018,brainlife_sub-04,brainlife_sci_data_2025,control,CONTROL,INTERCONTINENTAL DIAG. CENTER,,Brivo MR235,0.3,2D,5.0,7.0,0.4597,0.01484,90,False,Axi SE2D T1W ,Axi SE2D T1W ,256,256,18,6.200692176818848,4649.861839688383,6024.121241057292,36.3298553111963,0.771873880624668,0.0078131042520676,0.5529411764705883,0.0347889168335791,29.176979064941406,1.0,0.771873880624668
sub-con020,brainlife_sub-06,brainlife_sci_data_2025,control,CONTROL,INTERCONTINENTAL DIAG. CENTER,,Brivo MR235,0.3,2D,6.0,8.0,0.4179,0.01229,90,False,Cor SE2D T1W ,Cor SE2D T1W ,512,512,21,1.83899450302124,6237.001153009012,8655.28804352344,61.17598921665922,0.7206000680330936,0.0098085582663625,0.6506849315068494,0.0206479203474068,280.4541931152344,1.0,0.7206000680330936
sub-con021,brainlife_sub-07,brainlife_sci_data_2025,control,CONTROL,INTERCONTINENTAL DIAG. CENTER,,Brivo MR235,0.3,2D,5.0,7.0,0.4597,0.01484,90,False,Axi SE2D T1W ,Axi SE2D T1W ,256,256,18,6.200692176818848,4963.381236214191,6866.379857969005,46.945440273266286,0.7228527024256857,0.0094583587355207,0.5529411764705883,0.007375795796396,262.53973388671875,1.0,0.7228527024256857
sub-con022,brainlife_sub-08,brainlife_sci_data_2025,control,CONTROL,INTERCONTINENTAL DIAG. CENTER,,Brivo MR235,0.3,2D,5.5,7.5,0.4049,0.01379,90,True,Sag SE2D T1W+C ,Sag SE2D T1W+C ,512,512,3,1.6544052362442017,,,,,,,,,0.0,
sub-con023,brainlife_sub-09,brainlife_sci_data_2025,control,CONTROL,INTERCONTINENTAL DIAG. CENTER,,Brivo MR235,0.3,2D,6.0,8.0,0.4158,0.01219,90,True,Cor SE2D T1W+C ,Cor SE2D T1W+C ,512,512,21,1.83899450302124,6831.790804434568,9663.56456200336,51.29875005106442,0.706963849685117,0.0075088291663974,0.5828220858895705,-0.0162618170855137,152.5886993408203,1.0,0.706963849685117
sub-con025,brainlife_sub-11,brainlife_sci_data_2025,control,CONTROL,INTERCONTINENTAL DIAG. CENTER,,Brivo MR235,0.3,2D,5.0,7.0,0.4705,0.01516,90,True,Axi SE2D T1W+C,Axi SE2D T1W+C,256,256,12,18.60207748413086,9924.22663776949,14016.013884935528,19.736803609877825,0.7080634136953939,0.0019887497867857,0.5529411764705883,0.0138443976674832,101.39543914794922,1.0,0.7080634136953939
sub-con027,brainlife_sub-13,brainlife_sci_data_2025,control,CONTROL,INTERCONTINENTAL DIAG. CENTER,,Brivo MR235,0.3,2D,5.0,7.0,0.4427,0.01375,90,True,Axi SE2D T1W+C,Axi SE2D T1W+C,256,256,14,6.200692176818848,3844.088095391635,5386.305645047687,16.679861885495484,0.7136780473878217,0.0043390945971013,0.5529411764705883,0.0397228786424602,71.6604995727539,1.0,0.7136780473878217
sub-con028,brainlife_sub-14,brainlife_sci_data_2025,control,CONTROL,INTERCONTINENTAL DIAG. CENTER,,Brivo MR235,0.3,2D,6.0,8.0,0.3992,0.01221,90,False,Cor SE2D T1W ,Cor SE2D T1W ,512,512,19,1.83899450302124,5905.680557769723,7829.553791670827,56.04519471433014,0.7542806033279006,0.0094900484653872,0.6506849315068494,0.0289334999084501,170.17379760742188,1.0,0.7542806033279006
sub-con029,brainlife_sub-15,brainlife_sci_data_2025,control,CONTROL,INTERCONTINENTAL DIAG. CENTER,,Brivo MR235,0.3,2D,5.5,7.5,0.3523,0.01219,90,False,Sag SE2D T1W ,Sag SE2D T1W ,512,512,16,1.6544052362442017,4043.885946641909,5546.941253196332,64.87915680371225,0.7290298854907987,0.0160437652445635,0.6038135593220338,-0.2469273587599629,39.63679122924805,1.0,0.7290298854907987
sub-con031,brainlife_sub-17,brainlife_sci_data_2025,control,CONTROL,INTERCONTINENTAL DIAG. CENTER,,Brivo MR235,0.3,2D,6.0,8.0,0.4158,0.01219,90,False,Cor SE2D T1W ,Cor SE2D T1W ,512,512,17,1.83899450302124,5042.004172522109,7005.356939174468,37.17343371687457,0.7197355133079448,0.0073727494950246,0.6506849315068494,-0.0145470832521798,203.0267791748047,1.0,0.7197355133079448
sub-con032,brainlife_sub-18,brainlife_sci_data_2025,control,CONTROL,INTERCONTINENTAL DIAG. CENTER,,Brivo MR235,0.3,2D,5.0,7.0,0.4705,0.01516,90,False,Axi SE2D T1W ,Axi SE2D T1W ,256,256,18,6.200692176818848,4887.863006510306,6841.84991982067,30.91045037144795,0.7144066391094444,0.0063239191299505,0.5529411764705883,-0.0357260201680373,232.5637969970703,1.0,0.7144066391094444
sub-con033,brainlife_sub-19,brainlife_sci_data_2025,control,CONTROL,INTERCONTINENTAL DIAG. CENTER,,Brivo MR235,0.3,2D,5.0,7.0,0.4566,0.01353,90,False,Axi SE2D T1W ,Axi SE2D T1W ,256,256,20,6.200692176818848,5420.651278870646,7532.086167272646,24.188900080043823,0.719674623801264,0.0044623604868903,0.5529411764705883,0.0254838418166989,159.66705322265625,1.0,0.719674623801264
sub-con034,brainlife_sub-20,brainlife_sci_data_2025,control,CONTROL,RSUTH Port Harcourt,GE,bjt04,1.5,2D,5.0,6.5,1.83568,0.007792,160,False,AX T1 FSE,SEIZURE/TLE  RSUTH,256,256,23,6.199224472045898,5860.876918580849,6269.089645198546,6.391400342341512,0.9348848477656808,0.0010905194617001,0.7121212121212122,-0.0069789014629461,616.0577392578125,1.0,0.9348848477656808
sub-con035,brainlife_sub-21,brainlife_sci_data_2025,control,CONTROL,RSUTH Port Harcourt,GE,bjt04,1.5,2D,5.0,6.5,2.32632,0.01016,160,False,AX T1 FSE,PED ROUTINE BRAIN RSUTH,512,512,24,1.5498398542404177,4955.454859202029,6672.307009070297,108.1385261847172,0.7426898751010125,0.0218221191106018,0.7326478149100257,0.0094764555429133,33.06056213378906,1.0,0.7426898751010125
sub-con036,brainlife_sub-22,brainlife_sci_data_2025,control,CONTROL,Braithwaite Memorial Hospital,GE,14346055,1.5,2D,5.0,6.5,2.18981,0.008752,160,False,T1 W SAG,ROUTINE BRAIN RSUTH,256,256,22,6.19935941696167,5691.768276880495,6661.695255569182,23.631958140060306,0.8544023793526389,0.0041519536619316,0.5573122529644269,-0.2735584159839324,23.580137252807617,1.0,0.8544023793526389
sub-con037,brainlife_sub-23,brainlife_sci_data_2025,control,CONTROL,Braithwaite Memorial Hospital,GE,14346055,1.5,2D,4.0,5.5,2.31206,0.010032,160,False,AX T1 FSE,ROUTINE BRAIN RSUTH,512,512,27,1.3114029169082642,4671.737700864323,6367.794722188264,69.84531761845574,0.7336508013654847,0.0149506076947628,0.7402597402597403,0.0191067980351431,45.77108383178711,1.0,0.7336508013654847
sub-con038,brainlife_sub-24,brainlife_sci_data_2025,control,CONTROL,RSUTH Port Harcourt,GE,bjt04,1.5,2D,4.0,5.0,3.0814,0.010168,160,False,AX T1 FSE,PED ROUTINE BRAIN RSUTH,512,512,28,1.1921844482421875,4429.390648217173,5997.669881636277,181.69247880089097,0.7385185806539843,0.0410197458817551,0.7364341085271318,-0.0065075846008876,31.56828498840332,1.0,0.7385185806539843
sub-con039,brainlife_sub-25,brainlife_sci_data_2025,control,CONTROL,Braithwaite Memorial Hospital,GE,14346055,1.5,2D,4.0,5.0,3.07074,0.010064,160,False,AX T1 FSE,ROUTINE BRAIN RSUTH,512,512,29,1.1921844482421875,4491.756198442774,6058.093363477616,53.267991084838286,0.7414471730531907,0.0118590566209505,0.7402597402597403,0.0463315646889363,60.22444534301758,1.0,0.7414471730531907
sub-con040,brainlife_sub-26,brainlife_sci_data_2025,control,CONTROL,Braithwaite Memorial Hospital,GE,14346055,1.5,2D,5.0,6.5,2.32978,0.0102,160,False,AX T1 FSE,PED ROUTINE BRAIN RSUTH,512,512,22,1.2001734972000122,3463.3191114971414,4447.486598118674,59.30537411104888,0.7787137825130617,0.0171238549500603,0.7441253263707572,-0.1030078851377248,19.275390625,1.0,0.7787137825130617
sub-con041,brainlife_sub-27,brainlife_sci_data_2025,control,CONTROL,Braithwaite Memorial Hospital,GE,14346055,1.5,2D,5.0,6.5,1.87799,0.010104,160,False,AX T1 FSE,PED ROUTINE BRAIN RSUTH,512,512,20,1.5498398542404177,4144.0222534929635,5243.24152257503,147.28748097340576,0.7903550190565655,0.0355421549315422,0.7383419689119171,0.0223521311492576,13.34697151184082,1.0,0.7903550190565655
sub-con042,brainlife_sub-28,brainlife_sci_data_2025,control,CONTROL,RSUTH Port Harcourt,GE,bjt04,1.5,2D,4.0,5.0,2.5344,0.010424,160,False,AX T1 FSE,PED ROUTINE BRAIN RSUTH,512,512,28,0.7628417611122131,2796.7503701786045,3324.844375366578,41.76940170058515,0.841167301212482,0.0149349767308398,0.7364341085271318,0.0674819282826536,15.53818130493164,1.0,0.841167301212482
sub-con043,brainlife_sub-29,brainlife_sci_data_2025,control,CONTROL,RSUTH Port Harcourt,GE,bjt04,1.5,2D,5.0,6.5,2.32448,0.010144,160,False,AX T1 FSE,PED ROUTINE BRAIN RSUTH,512,512,23,1.5498398542404177,4701.7987691606395,6490.180677950615,101.95156547543591,0.7244480550648263,0.0216835237918181,0.7364341085271318,-0.0623772963465461,61.374000549316406,1.0,0.7244480550648263
sub-con044,brainlife_sub-30,brainlife_sci_data_2025,control,CONTROL,Braithwaite Memorial Hospital,GE,14346055,1.5,2D,5.0,6.5,2.31401,0.010048,160,False,AX T1 FSE,ROUTINE BRAIN RSUTH,512,512,25,1.5498398542404177,5090.8690170306945,6884.96828505327,54.1235074873548,0.7394179328440154,0.0106314869438387,0.7402597402597403,-0.0003720198455234,38.75714111328125,1.0,0.7394179328440154
sub-con045,brainlife_sub-31,brainlife_sci_data_2025,control,CONTROL,RSUTH Port Harcourt,GE,bjt04,1.5,2D,4.0,5.0,2.17219,0.007752,160,False,AX T1 FSE,SEIZURE/TLE  RSUTH,256,256,29,4.76886510848999,5705.327238980681,6021.550689265132,5.736944815143943,0.9474847150505274,0.0010055417638356,0.7121212121212122,0.0220834691608783,666.6823120117188,1.0,0.9474847150505274
sub-con046,brainlife_sub-32,brainlife_sci_data_2025,control,CONTROL,RSUTH Port Harcourt,GE,bjt04,1.5,2D,4.0,5.0,2.16863,0.007728,160,False,AX T1 FSE,SEIZURE/TLE  RSUTH,256,256,29,4.76873779296875,5964.427011883818,6316.3598461588845,5.622341620735824,0.944282333045182,0.0009426457243141,0.7014925373134329,0.0002862316957628,700.60986328125,1.0,0.944282333045182
sub-con047,brainlife_sub-33,brainlife_sci_data_2025,control,CONTROL,RSUTH Port Harcourt,GE,bjt04,1.5,2D,5.0,6.5,1.83287,0.00776,160,False,AX T1 FSE,BRAIN ROUTINE RSUTH,256,256,20,6.19935941696167,5139.467345427722,5459.856440033298,6.397738929837942,0.9413191357456968,0.0012448252902179,0.7085427135678392,0.0081492632371247,627.3939819335938,1.0,0.9413191357456968
sub-dem048,brainlife_sub-34,brainlife_sci_data_2025,dementia,DEMENTIA,INTERCONTINENTAL DIAG. CENTER,,Brivo MR235,0.3,2D,5.0,7.0,0.4013,0.01268,90,False,Axi SE2D T1W ,Axi SE2D T1W ,256,256,19,6.200692176818848,5154.393557917792,7183.880098855589,21.696221835445613,0.7174943744869713,0.0042092676066843,0.5529411764705883,-0.068861645139132,151.01219177246094,1.0,0.7174943744869713
sub-dem049,brainlife_sub-35,brainlife_sci_data_2025,dementia,DEMENTIA,INTERCONTINENTAL DIAG. CENTER,,Brivo MR235,0.3,2D,5.0,7.0,0.3671,0.01229,90,False,Axi SE2D T1W ,Axi SE2D T1W ,256,256,18,6.200692176818848,4934.510813560337,6841.899525357876,23.233993488829583,0.7212194209037628,0.0047084694646896,0.5529411764705883,0.0241015330485046,309.0530700683594,1.0,0.7212194209037628
sub-dem050,brainlife_sub-36,brainlife_sci_data_2025,dementia,DEMENTIA,INTERCONTINENTAL DIAG. CENTER,,Brivo MR235,0.3,2D,5.0,7.0,0.4566,0.01353,90,False,Axi SE2D T1W ,Axi SE2D T1W ,256,256,20,6.200692176818848,5559.509578894358,7773.014060789719,18.316844613291323,0.7152321526007281,0.0032946871218331,0.5490196078431373,0.0235624780419252,73.90483093261719,1.0,0.7152321526007281
sub-dem051,brainlife_sub-37,brainlife_sci_data_2025,dementia,DEMENTIA,INTERCONTINENTAL DIAG. CENTER,,Brivo MR235,0.3,2D,5.0,7.0,0.4109,0.01353,90,False,Axi SE2D T1W ,Axi SE2D T1W ,256,256,18,6.200692176818848,4871.784611763433,6836.628937029745,22.787543653976172,0.712600414127498,0.0046774530218255,0.5529411764705883,0.0369512424842557,167.45513916015625,1.0,0.712600414127498
sub-dem052,brainlife_sub-38,brainlife_sci_data_2025,dementia,DEMENTIA,INTERCONTINENTAL DIAG. CENTER,,Brivo MR235,0.3,2D,5.0,7.0,0.4844,0.01483,90,False,Axi SE2D T1W ,Axi SE2D T1W ,256,256,19,6.200692176818848,5137.589682189282,7185.405469124671,19.687197578605264,0.7150034475111041,0.0038319910301236,0.5529411764705883,0.0477291078038648,150.09701538085938,1.0,0.7150034475111041
sub-dem053,brainlife_sub-39,brainlife_sci_data_2025,dementia,DEMENTIA,INTERCONTINENTAL DIAG. CENTER,,Brivo MR235,0.3,2D,5.0,7.0,0.3424,0.01229,90,False,Axi SE2D T1W ,Axi SE2D T1W ,256,256,17,6.200692176818848,4660.843265487347,6488.999532982707,10.646588422823696,0.7182683928079993,0.0022842622710915,0.5529411764705883,0.0297605981387985,152.836181640625,1.0,0.7182683928079993
sub-dem054,brainlife_sub-40,brainlife_sci_data_2025,dementia,DEMENTIA,INTERCONTINENTAL DIAG. CENTER,,Brivo MR235,0.3,2D,5.0,7.0,0.4701,0.01447,90,False,Axi SE2D T1W ,Axi SE2D T1W ,256,256,19,6.200692176818848,5136.132519533858,7187.99115775153,30.234574927017093,0.7145435222183115,0.0058866422959353,0.5529411764705883,0.0462045885869644,131.33299255371094,1.0,0.7145435222183115
sub-dem055,brainlife_sub-41,brainlife_sci_data_2025,dementia,DEMENTIA,INTERCONTINENTAL DIAG. CENTER,,Brivo MR235,0.3,2D,5.0,7.0,0.4194,0.01375,90,False,Axi SE2D T1W ,Axi SE2D T1W ,256,256,18,6.200692176818848,4862.3967638472095,6836.015068506822,14.112775335088372,0.7112911126027248,0.0029024318706402,0.5529411764705883,0.0277235803460984,152.61685180664062,1.0,0.7112911126027248
sub-dem056,brainlife_sub-42,brainlife_sci_data_2025,dementia,DEMENTIA,INTERCONTINENTAL DIAG. CENTER,,Brivo MR235,0.3,2D,5.0,7.0,0.3626,0.01229,90,False,Axi SE2D T1W ,Axi SE2D T1W ,256,256,18,6.200692176818848,4989.591561935376,6993.568455365021,22.02485851943493,0.7134543107399884,0.0044141606073447,0.5529411764705883,-0.0091787697764212,221.86087036132812,1.0,0.7134543107399884
sub-dem057,brainlife_sub-43,brainlife_sci_data_2025,dementia,DEMENTIA,INTERCONTINENTAL DIAG. CENTER,,Brivo MR235,0.3,2D,5.0,7.0,0.4853,0.01484,90,False,Axi SE2D T1W ,Axi SE2D T1W ,256,256,19,6.200692176818848,5117.7412666147575,7188.809649115428,23.2215921045281,0.7119038500684863,0.0045374689525655,0.5529411764705883,0.0247410189616526,224.9715118408203,1.0,0.7119038500684863
sub-dem058,brainlife_sub-44,brainlife_sci_data_2025,dementia,DEMENTIA,INTERCONTINENTAL DIAG. CENTER,,Brivo MR235,0.3,2D,5.0,7.0,0.4037,0.01332,90,False,Axi SE2D T1W ,Axi SE2D T1W ,256,256,18,6.200692176818848,5119.173626501579,7092.537702783011,20.4932875582017,0.7217689691649983,0.0040032413536648,0.5529411764705883,-0.0195862065624087,119.990966796875,1.0,0.7217689691649983
sub-dem059,brainlife_sub-45,brainlife_sci_data_2025,dementia,DEMENTIA,INTERCONTINENTAL DIAG. CENTER,,Brivo MR235,0.3,2D,5.0,7.0,0.4597,0.01484,90,False,Axi SE2D T1W ,Axi SE2D T1W ,256,256,18,6.200692176818848,5293.165048251394,7314.076031944715,44.824803557712585,0.7236956554912942,0.0084684311086276,0.5529411764705883,0.0066046499640949,103.25534057617188,1.0,0.7236956554912942
sub-dem060,brainlife_sub-46,brainlife_sci_data_2025,dementia,DEMENTIA,INTERCONTINENTAL DIAG. CENTER,,Brivo MR235,0.3,2D,5.0,7.0,0.4597,0.01484,90,False,Axi SE2D T1W ,Axi SE2D T1W ,256,256,18,6.200692176818848,4896.060321533587,6840.436162010301,25.664664811920375,0.7157526516693211,0.0052419012688719,0.5529411764705883,0.0066033518279531,229.54969787597656,1.0,0.7157526516693211
sub-dem061,brainlife_sub-47,brainlife_sci_data_2025,dementia,DEMENTIA,INTERCONTINENTAL DIAG. CENTER,,Brivo MR235,0.3,2D,5.0,7.0,0.3663,0.01233,90,False,Axi SE2D T1W ,Axi SE2D T1W ,256,256,18,6.200692176818848,4909.819657416083,6841.440674138721,14.472415479831398,0.7176587346544794,0.0029476470603093,0.5529411764705883,0.0280822108110702,171.76284790039062,1.0,0.7176587346544794
sub-dem062,brainlife_sub-48,brainlife_sci_data_2025,dementia,DEMENTIA,INTERCONTINENTAL DIAG. CENTER,,Brivo MR235,0.3,2D,5.0,7.0,0.5099,0.01483,90,False,Axi SE2D T1W ,Axi SE2D T1W ,256,256,20,6.200692176818848,5548.32353025442,7790.624026497826,18.571072991471738,0.7121796035058564,0.0033471503401352,0.5529411764705883,-0.0107175865649073,56.5340461730957,1.0,0.7121796035058564
sub-dem063,brainlife_sub-49,brainlife_sci_data_2025,dementia,DEMENTIA,INTERCONTINENTAL DIAG. CENTER,,Brivo MR235,0.3,2D,5.0,7.0,0.3802,0.01268,90,False,Axi SE2D T1W ,Axi SE2D T1W ,256,256,18,6.200692176818848,4903.259325120598,6838.724770976696,13.908152494113892,0.7169844509505421,0.0028365117102534,0.5529411764705883,-0.0190601446709494,221.6441650390625,1.0,0.7169844509505421
sub-dem064,brainlife_sub-50,brainlife_sci_data_2025,dementia,DEMENTIA,Life Bridge,Toshiba,00000005,0.35,2D,5.0,8.8,0.515,0.012,70,True,T1 SG,T1 COR + C,696,640,21,1.1366815567016602,7565.30668867752,8667.048902413808,91.1902757943608,0.8728815048650009,0.0120537447517942,0.5584415584415584,0.0458139962569911,38.51441955566406,1.0,0.8728815048650009
sub-dem065,brainlife_sub-51,brainlife_sci_data_2025,dementia,DEMENTIA,Life Bridge,Toshiba,00000005,0.35,2D,5.0,6.0,0.515,0.012,70,False,T1 SG,T1 SG,808,640,22,0.7750101685523987,4247.68028232723,4939.43574232317,37.67014336993452,0.8599525338352542,0.0088684036617971,0.6765163297045101,-0.8315244144748053,26.48546028137207,1.0,0.8599525338352542
sub-dem066,brainlife_sub-52,brainlife_sci_data_2025,dementia,DEMENTIA,LIFEBRIDGE MEDICAL DIAGNOSTICS LTD,Hitachi,AIRIS2-2,0.3,2D,5.0,7.0,0.51,0.015,90,False,Z T1 SE TRS,5.1,256,256,6,20.02716636657715,4253.14926562272,5839.881619054824,35.34794840030372,0.7282937468706918,0.0083110058436024,0.6878048780487804,-0.052615965607033,17.868175506591797,1.0,0.7282937468706918
sub-dem067,brainlife_sub-53,brainlife_sci_data_2025,dementia,DEMENTIA,Life Bridge,Toshiba,00000005,0.35,2D,5.0,6.0,0.515,0.012,70,True,T1 SG,T1 COR + C,808,640,22,0.7750101685523987,6266.932803695498,7465.227147885889,62.97654981067171,0.8394832038661085,0.0100490226691972,0.5595533498759305,0.0288927178810374,51.49235534667969,1.0,0.8394832038661085
sub-dem068,brainlife_sub-54,brainlife_sci_data_2025,dementia,DEMENTIA,Life Bridge,Toshiba,00000005,0.35,2D,5.0,6.0,0.515,0.012,70,False,T1 AX,T1 AX,628,640,22,0.886580228805542,5427.355010165367,6185.921015622793,21.934880933957174,0.8773721805464963,0.0040415415783329,0.5566188197767146,0.1483953572176499,36.530296325683594,1.0,0.8773721805464963
sub-dem070,brainlife_sub-56,brainlife_sci_data_2025,dementia,DEMENTIA,Life Bridge,Toshiba,00000005,0.35,2D,5.0,6.0,0.515,0.012,70,True,T1 SG,T1 SG + C,744,640,1,0.7750101685523987,,,,,,,,,0.0,
sub-dem071,brainlife_sub-57,brainlife_sci_data_2025,dementia,DEMENTIA,Life Bridge,Toshiba,00000005,0.35,2D,5.0,7.5,0.7,0.017,90,True,T1 COR +C,T1 COR +C,320,320,25,3.8750507831573486,7041.122112572193,8390.41863918677,63.67095794901252,0.839186030561956,0.0090427288337075,0.554858934169279,-0.0441993571963192,66.94363403320312,1.0,0.839186030561956
sub-dem072,brainlife_sub-58,brainlife_sci_data_2025,dementia,DEMENTIA,Life Bridge,Toshiba,00000005,0.35,2D,3.5,4.5,0.5,0.012,70,True,POST C T1 AX,T1 AX + C,644,640,1,0.7142515182495117,,,,,,,,,0.0,
sub-dem073,brainlife_sub-59,brainlife_sci_data_2025,dementia,DEMENTIA,Braithwaite Memorial Hospital,GE,14346055,1.5,2D,5.0,6.5,2.31401,0.010048,160,False,AX T1 FSE,ROUTINE BRAIN RSUTH,512,512,25,1.5498398542404177,5340.368436575518,7230.523679257371,48.6200261550257,0.7385866741430842,0.0091042456587888,0.7364341085271318,0.0020343872387909,44.12727737426758,1.0,0.7385866741430842
sub-dem074,brainlife_sub-60,brainlife_sci_data_2025,dementia,DEMENTIA,LIFEBRIDGE MEDICAL DIAGNOSTICS LTD,Hitachi,AIRIS2-2,0.3,2D,5.0,7.0,0.6,0.015,90,False,AX T1 FSE,UBAKA,256,256,2,12.304686546325684,,,,,,,,,0.0,
sub-dem075,brainlife_sub-61,brainlife_sci_data_2025,dementia,DEMENTIA,Life Bridge,Toshiba,00000005,0.35,2D,5.0,6.0,0.515,0.012,70,False,T1 AX,T1 AX,644,640,3,2.857006072998047,,,,,,,,,0.0,
sub-dem076,brainlife_sub-62,brainlife_sci_data_2025,dementia,DEMENTIA,INTERCONTINENTAL DIAG. CENTER,,Brivo MR235,0.3,2D,5.0,7.0,0.4277,0.01396,90,False,Axi SE2D T1W ,Axi SE2D T1W ,256,256,18,6.200692176818848,4944.518730691634,6835.109767452814,25.422837818041444,0.7234000475363644,0.0051416202875796,0.5529411764705883,-0.0277848144125886,156.64683532714844,1.0,0.7234000475363644
sub-dem077,brainlife_sub-63,brainlife_sci_data_2025,dementia,DEMENTIA,Life Bridge,Toshiba,00000005,0.35,2D,5.0,6.0,0.515,0.012,70,False,T1 SG,T1 SG,716,640,8,2.489582061767578,4929.096352585126,5658.673386609647,75.70570420147851,0.8710692446482333,0.0153589418396687,0.6018099547511312,-0.3025977718952931,30.73406219482422,1.0,0.8710692446482333
sub-dem078,brainlife_sub-64,brainlife_sci_data_2025,dementia,DEMENTIA,LIFEBRIDGE MEDICAL DIAGNOSTICS LTD,Hitachi,AIRIS2-2,0.3,2D,3.0,4.0,0.6,0.015,90,True,COR T1 FSE +C,UBAKA,256,256,2,6.45751953125,,,,,,,,,0.0,
sub-dem079,brainlife_sub-65,brainlife_sci_data_2025,dementia,DEMENTIA,RSUTH Port Harcourt,GE,bjt04,1.5,2D,4.0,5.0,2.16889,0.007712,160,True,AX T1 FSE,BRAIN+CONTRAST RSUTH,256,256,31,4.768620491027832,5958.720612998586,6318.312763560098,7.749008655082434,0.9430873139684688,0.0013004483946064,0.7230769230769231,-0.0228190680146514,730.3894653320312,1.0,0.9430873139684688
sub-dem080,brainlife_sub-66,brainlife_sci_data_2025,dementia,DEMENTIA,RSUTH Port Harcourt,GE,bjt04,1.5,2D,5.0,6.0,1.832,0.00776,160,True,AX T1 FSE,BRAIN+CONTRAST RSUTH,256,256,22,5.722485542297363,5206.529024116695,5512.184141203761,4.84122271835804,0.9445491824552296,0.0009298368828702,0.7157360406091371,-0.0212719421171044,628.04736328125,1.0,0.9445491824552296
sub-pd001,brainlife_sub-67,brainlife_sci_data_2025,parkinson,PARKINSON,INTERCONTINENTAL DIAG. CENTER,,Brivo MR235,0.3,2D,5.0,7.0,0.459,0.01332,90,False,Axi SE2D T1W ,Axi SE2D T1W ,256,256,18,6.200692176818848,4988.041388897691,6948.830461497419,13.257079818286002,0.7178245917116255,0.0026577726174833,0.5529411764705883,0.0092263743531157,172.09503173828125,1.0,0.7178245917116255
sub-pd002,brainlife_sub-68,brainlife_sci_data_2025,parkinson,PARKINSON,INTERCONTINENTAL DIAG. CENTER,,Brivo MR235,0.3,2D,5.0,7.0,0.4037,0.01332,90,False,Axi SE2D T1W ,Axi SE2D T1W ,256,256,18,6.200692176818848,4818.694285568781,6823.452466209419,16.15900374483317,0.70619591906466,0.003353398822836,0.5529411764705883,0.0237851971762477,43.05914688110352,1.0,0.70619591906466
sub-pd003,brainlife_sub-69,brainlife_sci_data_2025,parkinson,PARKINSON,INTERCONTINENTAL DIAG. CENTER,,Brivo MR235,0.3,2D,5.0,7.0,0.5099,0.01483,90,False,Axi SE2D T1W ,Axi SE2D T1W ,256,256,20,6.200692176818848,5270.873559969477,7096.568152680993,42.4995440011844,0.7427355654969943,0.0080630930561404,0.5529411764705883,0.0219941038484976,27.745914459228516,1.0,0.7427355654969943
sub-pd004,brainlife_sub-70,brainlife_sci_data_2025,parkinson,PARKINSON,INTERCONTINENTAL DIAG. CENTER,,Brivo MR235,0.3,2D,5.0,7.0,0.4844,0.01483,90,False,Axi SE2D T1W ,Axi SE2D T1W ,256,256,19,6.200692176818848,5137.589682189282,7185.405469124671,19.687197578605264,0.7150034475111041,0.0038319910301236,0.5529411764705883,0.0477291078038648,150.09701538085938,1.0,0.7150034475111041
sub-pd005,brainlife_sub-71,brainlife_sci_data_2025,parkinson,PARKINSON,INTERCONTINENTAL DIAG. CENTER,,Brivo MR235,0.3,2D,5.0,7.0,0.4037,0.01332,90,False,Axi SE2D T1W ,Axi SE2D T1W ,256,256,18,6.200692176818848,4976.340682809241,6946.4555964036845,25.255419129971415,0.7163855888441278,0.0050750984990268,0.5529411764705883,-0.0334535341276387,167.0859832763672,1.0,0.7163855888441278
sub-pd006,brainlife_sub-72,brainlife_sci_data_2025,parkinson,PARKINSON,INTERCONTINENTAL DIAG. CENTER,,Brivo MR235,0.3,2D,5.0,7.0,0.4194,0.01375,90,False,Axi SE2D T1W ,Axi SE2D T1W ,256,256,18,6.200692176818848,5046.79294702597,7090.851114518009,17.25032556336373,0.7117330297195245,0.0034180767359455,0.5529411764705883,0.0245187416759633,156.21095275878906,1.0,0.7117330297195245
sub-pd007,brainlife_sub-73,brainlife_sci_data_2025,parkinson,PARKINSON,INTERCONTINENTAL DIAG. CENTER,,Brivo MR235,0.3,2D,5.0,7.0,0.4597,0.01484,90,False,Axi SE2D T1W ,Axi SE2D T1W ,256,256,18,6.200692176818848,4873.303781340364,6833.268161884043,15.135889539960772,0.7131732087617523,0.0031058785208333,0.5529411764705883,0.008430787004933,122.03482055664062,1.0,0.7131732087617523
sub-pd008,brainlife_sub-74,brainlife_sci_data_2025,parkinson,PARKINSON,LIFEBRIDGE MEDICAL DIAGNOSTICS LTD,Hitachi,AIRIS2-2,0.3,2D,10.0,10.0,0.145,0.025,90,False,Scan 2 - 1- Scout -1,5.1,256,256,1,8.7890625,,,,,,,,,0.0,
sub-pd010,brainlife_sub-76,brainlife_sci_data_2025,parkinson,PARKINSON,LIFEBRIDGE MEDICAL DIAGNOSTICS LTD,Hitachi,AIRIS2-2,0.3,2D,10.0,10.0,0.145,0.025,90,False,Scan 11 - 1- Scout -1,5.1,256,256,1,8.7890625,,,,,,,,,0.0,
sub-pd011,brainlife_sub-77,brainlife_sci_data_2025,parkinson,PARKINSON,Life Bridge,Toshiba,00000005,0.35,2D,5.0,6.0,0.745,0.012,70,True,T1 SG,T1 COR + C,640,640,32,0.84375,7835.376578242285,9074.26064162777,59.047314031631686,0.8634727266150855,0.0075359892970042,0.5586854460093896,0.0742696932666492,70.34272003173828,1.0,0.8634727266150855
sub-pd012,brainlife_sub-78,brainlife_sci_data_2025,parkinson,PARKINSON,LIFEBRIDGE MEDICAL DIAGNOSTICS LTD,Hitachi,AIRIS2-2,0.3,2D,10.0,10.0,0.145,0.025,90,False,Scan 2 - 1- Scout -1,5.1,256,256,1,8.7890625,,,,,,,,,0.0,
sub-pd013,brainlife_sub-79,brainlife_sci_data_2025,parkinson,PARKINSON,RSUTH Port Harcourt,GE,bjt04,1.5,2D,5.0,6.5,1.83265,0.007752,160,True,AX T1 FSE,BRAIN+CONTRAST RSUTH,256,256,23,6.19935941696167,5841.185237817466,6241.992422924843,10.520312949549409,0.9357885819221216,0.0018010579225322,0.7157360406091371,-0.0695376046460289,543.6273803710938,1.0,0.9357885819221216
sub-pd014,brainlife_sub-80,brainlife_sci_data_2025,parkinson,PARKINSON,RSUTH Port Harcourt,GE,bjt04,1.5,2D,4.0,4.5,2.84663,0.007752,160,True,AX T1 FSE,BRAIN+CONTRAST RSUTH,256,256,36,4.291863918304443,6097.820444259793,6486.1053904742,18.549436692148447,0.9401358869708376,0.0030419781726452,0.7121212121212122,-0.0105913205788908,513.3018798828125,1.0,0.9401358869708376
sub-pd015,brainlife_sub-81,brainlife_sci_data_2025,parkinson,PARKINSON,RSUTH Port Harcourt,GE,bjt04,1.5,2D,4.0,5.0,1.83568,0.007792,160,False,AX T1 FSE,SEIZURE/TLE  RSUTH,256,256,27,4.76873779296875,5449.060002862476,5798.441562525928,1.7548954337835312,0.9397456099374304,0.0003220547090436,0.7157360406091371,-0.0097719100032117,644.1949462890625,1.0,0.9397456099374304
sub-pd016,brainlife_sub-82,brainlife_sci_data_2025,parkinson,PARKINSON,Braithwaite Memorial Hospital,GE,14346055,1.5,2D,5.0,6.5,2.33939,0.010336,160,False,AX T1 FSE,ROUTINE BRAIN RSUTH,512,512,25,1.5498398542404177,5075.400065417634,6194.990429580561,77.795761463698,0.819274883974481,0.0153280057652551,0.7364341085271318,0.0558631240476488,40.020999908447266,1.0,0.819274883974481
sub-pd017,brainlife_sub-83,brainlife_sci_data_2025,parkinson,PARKINSON,RSUTH Port Harcourt,GE,bjt04,1.5,2D,4.0,5.0,2.16863,0.007728,160,False,AX T1 FSE,SEIZURE/TLE  RSUTH,256,256,29,4.76873779296875,6180.674955459312,6532.750851862133,5.140699123963714,0.9461060272484656,0.0008317374980903,0.7014925373134329,-0.0009412984672266,721.2401733398438,1.0,0.9461060272484656
sub-pd018,brainlife_sub-84,brainlife_sci_data_2025,parkinson,PARKINSON,Braithwaite Memorial Hospital,GE,14346055,1.5,2D,5.0,6.5,2.21962,0.00908,160,False,T1 W SAG,ROUTINE BRAIN RSUTH,256,256,25,6.19935941696167,6331.064819188323,7361.026394579094,170.420390679501,0.8600790813426142,0.0269181244461417,0.592436974789916,-0.1249670745022007,62.943206787109375,1.0,0.8600790813426142
sub-pd019,brainlife_sub-85,brainlife_sci_data_2025,parkinson,PARKINSON,Braithwaite Memorial Hospital,GE,14346055,1.5,2D,5.0,6.5,2.32286,0.01016,160,False,AX T1 FSE,ROUTINE BRAIN RSUTH,512,512,23,1.5498651266098022,4702.961863125674,5774.94467117358,129.80275359470397,0.8143734928926933,0.0276002139444172,0.7383419689119171,-0.0460059589386221,24.330230712890625,1.0,0.8143734928926933
sub-pd020,brainlife_sub-86,brainlife_sci_data_2025,parkinson,PARKINSON,RSUTH Port Harcourt,GE,bjt04,1.5,2D,5.0,6.5,1.90193,0.010384,160,False,AX T1 FSE,ROUTINE BRAIN RSUTH,512,512,20,1.5498398542404177,4107.856740429066,5156.331152912113,55.89652428380214,0.7966627081561848,0.0136072233809117,0.7345360824742269,-0.0043025779248022,34.846378326416016,1.0,0.7966627081561848
sub-pd021,brainlife_sub-87,brainlife_sci_data_2025,parkinson,PARKINSON,RSUTH Port Harcourt,GE,bjt04,1.5,2D,5.0,6.5,1.8347,0.007776,160,True,AX T1 FSE,BRAIN+CONTRAST RSUTH,256,256,23,6.19935941696167,6354.20702793356,6733.384647996165,10.755888607818632,0.9436869212312938,0.0016927192583645,0.7157360406091371,0.0041288691074345,717.1738891601562,1.0,0.9436869212312938
sub-pd022,brainlife_sub-88,brainlife_sci_data_2025,parkinson,PARKINSON,RSUTH Port Harcourt,GE,bjt04,1.5,2D,4.0,5.0,2.17114,0.007736,160,True,AX T1 FSE,BRAIN+CONTRAST RSUTH,256,256,29,4.76873779296875,6277.375416345894,6749.528125310317,4.59229430090636,0.930046560263394,0.0007315627943723,0.7121212121212122,-0.0249749308699747,1236.5941162109375,1.0,0.930046560263394
sub-con048,kano_Abdullahi_Firdausi,clinical_hospital_archive,control,CONTROL,Aminu Kano Teaching Hospital / NKDC Kano,Siemens,MAGNETOM_ESSENZA,1.5,2D,5.0,6.25,0.489,0.0089,90,False,t1_se_tra_320,t1_se_tra_320,260,320,24,3.228759765625,4274.422797854524,5732.069037409499,11.106933914124966,0.7457033001448756,0.0025984640358225,0.5521235521235521,-0.0318780172208671,72.90007781982422,1.0,0.7457033001448756
sub-con049,kano_Abubakar_Maryam,clinical_hospital_archive,control,CONTROL,Aminu Kano Teaching Hospital / NKDC Kano,Siemens,MAGNETOM_ESSENZA,1.5,2D,5.0,6.8,0.489,0.0089,90,False,t1_se_tra_320,t1_se_tra_320,260,320,24,3.5128908157348633,4639.66103189229,6061.3806225517765,15.115969011792911,0.7654462441494134,0.0032579899496726,0.5521235521235521,0.0110164428928043,74.67961883544922,1.0,0.7654462441494134
sub-con050,kano_Adam_Ibnu_Adam,clinical_hospital_archive,control,CONTROL,Aminu Kano Teaching Hospital / NKDC Kano,Siemens,MAGNETOM_ESSENZA,1.5,2D,3.3,4.554,0.61,0.0089,90,False,t1_se_tra_256_3mm,t1_se_tra_256_3mm,208,256,30,3.675942897796631,4070.7797220919742,5387.326062183129,17.648202379932627,0.7556215597691809,0.004335337106097,0.5555555555555556,-0.1163669134585081,48.85603713989258,1.0,0.7556215597691809
sub-con051,kano_Adamu_Muhammad,clinical_hospital_archive,control,CONTROL,Aminu Kano Teaching Hospital / NKDC Kano,Siemens,MAGNETOM_ESSENZA,1.5,2D,5.5,7.15,0.447,0.0089,90,False,t1_se_tra_320,t1_se_tra_320,260,320,20,3.693701267242432,4078.03454078408,5480.761908702087,25.11716838926077,0.7440634365651198,0.0061591357645616,0.5521235521235521,-0.0369566260978885,84.47260284423828,1.0,0.7440634365651198
sub-con052,kano_Afnan_Abba,clinical_hospital_archive,control,CONTROL,Aminu Kano Teaching Hospital / NKDC Kano,Siemens,MAGNETOM_ESSENZA,1.5,2D,3.3,4.554,0.61,0.0089,90,False,t1_se_tra_256_3mm,t1_se_tra_256_3mm,208,256,30,3.675942897796631,4062.699999361066,5363.425080747111,21.55572979710996,0.7574823807914817,0.005305764590174,0.5555555555555556,-0.0680212773465386,54.47431564331055,1.0,0.7574823807914817
sub-con053,kano_Ahmad_Musa_Rogo,clinical_hospital_archive,control,CONTROL,Aminu Kano Teaching Hospital / NKDC Kano,Siemens,MAGNETOM_ESSENZA,1.5,2D,5.0,6.8,0.489,0.0089,90,False,t1_se_tra_320,t1_se_tra_320,260,320,24,4.150390625,5648.83935546875,6768.984130859375,26.9111328125,0.8345180379011445,0.0047640109974886,0.5521235521235521,-0.019637952797791,73.7367935180664,1.0,0.8345180379011445
sub-con054,kano_Aisha_Mukhtar,clinical_hospital_archive,control,CONTROL,Aminu Kano Teaching Hospital / NKDC Kano,Siemens,MAGNETOM_ESSENZA,1.5,2D,3.3,4.554,0.61,0.0089,90,False,t1_se_tra_256_3mm,t1_se_tra_256_3mm,208,256,30,3.675942897796631,3998.9260641206056,5385.455007192213,21.287385957548395,0.742541913130847,0.0053232757035805,0.5555555555555556,-0.0879521704918997,51.609249114990234,1.0,0.742541913130847
sub-con055,kano_Aminu_Auwal,clinical_hospital_archive,control,CONTROL,Aminu Kano Teaching Hospital / NKDC Kano,Siemens,MAGNETOM_ESSENZA,1.5,2D,5.0,6.8,0.489,0.0089,90,False,t1_se_tra_320,t1_se_tra_320,260,320,24,3.5128908157348633,4798.9776543935295,5801.363473047968,84.57987122866325,0.8272154773078204,0.0176245603376021,0.5521235521235521,-0.0315539435109307,80.96719360351562,1.0,0.8272154773078204
sub-con056,kano_Dr_Yalwa_Usman,clinical_hospital_archive,control,CONTROL,Aminu Kano Teaching Hospital / NKDC Kano,Siemens,MAGNETOM_ESSENZA,1.5,2D,5.0,6.8,0.489,0.0089,90,False,t1_se_tra_320,t1_se_tra_320,260,320,24,3.5128908157348633,4617.108273106394,6027.562023045262,52.05752841872163,0.7659992971376719,0.0112749204349278,0.5521235521235521,-0.0564012316513395,98.81739807128906,1.0,0.7659992971376719
sub-con057,kano_Faisal_Kuliya_Umar,clinical_hospital_archive,control,CONTROL,Aminu Kano Teaching Hospital / NKDC Kano,Siemens,MAGNETOM_ESSENZA,1.5,2D,5.0,6.8,0.489,0.0089,90,False,t1_se_tra_320,t1_se_tra_320,260,320,24,3.5128908157348633,4700.567532177316,6219.369372339454,56.94747237977572,0.7557948806004376,0.0121150205778231,0.5521235521235521,-0.0413738676965916,83.42092895507812,1.0,0.7557948806004376
sub-con058,kano_Garba_Bilya,clinical_hospital_archive,control,CONTROL,Aminu Kano Teaching Hospital / NKDC Kano,Siemens,MAGNETOM_ESSENZA,1.5,2D,4.5,6.12,0.489,0.0089,90,False,t1_se_tra_320,t1_se_tra_320,260,320,24,3.1616015434265137,4264.832844334887,5723.165793746011,17.75555396452546,0.7451877156861825,0.0041632473329196,0.5521235521235521,-0.0619668526635961,75.61170959472656,1.0,0.7451877156861825
sub-con059,kano_Halima_Muhammad,clinical_hospital_archive,control,CONTROL,Aminu Kano Teaching Hospital / NKDC Kano,Siemens,MAGNETOM_ESSENZA,1.5,2D,5.0,6.8,0.489,0.0089,90,False,t1_se_tra_320,t1_se_tra_320,260,320,24,3.5128908157348633,4622.932646014029,6207.337721429532,9.839607065310702,0.7447528801364107,0.0021284340090471,0.5521235521235521,0.0628834087771117,74.98590087890625,1.0,0.7447528801364107
sub-con060,kano_Haruna_Muhammad,clinical_hospital_archive,control,CONTROL,Aminu Kano Teaching Hospital / NKDC Kano,Siemens,MAGNETOM_ESSENZA,1.5,2D,5.0,6.8,0.489,0.0089,90,False,t1_se_tra_320,t1_se_tra_320,260,320,24,3.5128908157348633,4729.376749436371,5876.62364504626,41.68747484614141,0.8047778852441965,0.008814581086421,0.5521235521235521,-0.0442281466427788,77.77494049072266,1.0,0.8047778852441965
sub-con061,kano_Hauwau_Shehu_Mai_Iyali,clinical_hospital_archive,control,CONTROL,Aminu Kano Teaching Hospital / NKDC Kano,Siemens,MAGNETOM_ESSENZA,1.5,2D,5.0,6.8,0.489,0.0089,90,False,t1_se_tra_320,t1_se_tra_320,260,320,24,3.5128908157348633,4787.55724647874,6569.9804620814975,24.404052225174382,0.7287019001213207,0.0050973912099168,0.5521235521235521,-0.0204306550811752,59.72595977783203,1.0,0.7287019001213207
sub-con062,kano_Ishaq_Adamu,clinical_hospital_archive,control,CONTROL,Aminu Kano Teaching Hospital / NKDC Kano,Siemens,MAGNETOM_ESSENZA,1.5,2D,5.0,6.8,0.489,0.0089,90,False,t1_se_tra_320,t1_se_tra_320,260,320,24,3.5128908157348633,4859.2764245742,6429.07490014052,15.526977232657371,0.7558282490172872,0.0031953270149717,0.5521235521235521,0.0147418797487113,88.43561553955078,1.0,0.7558282490172872
sub-con063,kano_Jaafar_Abdullahi,clinical_hospital_archive,control,CONTROL,Aminu Kano Teaching Hospital / NKDC Kano,Siemens,MAGNETOM_ESSENZA,1.5,2D,5.0,6.8,0.487,0.0089,90,False,t1_se_tra_320,t1_se_tra_320,260,320,24,3.5128908157348633,4728.2455986063,6129.404239550233,80.1149870515801,0.7714037798481458,0.016943914054548,0.5521235521235521,-0.0207017987027942,104.3868637084961,1.0,0.7714037798481458
sub-con064,kano_Jibrin_Wakili,clinical_hospital_archive,control,CONTROL,Aminu Kano Teaching Hospital / NKDC Kano,Siemens,MAGNETOM_ESSENZA,1.5,2D,5.0,6.8,0.489,0.0089,90,False,t1_se_tra_320,t1_se_tra_320,260,320,24,3.5128908157348633,4986.147987862583,5886.768873609137,24.52700340235606,0.8470093008434372,0.0049190283686044,0.5521235521235521,-0.0098155117776277,70.1940689086914,1.0,0.8470093008434372
sub-con065,kano_Maryam_Abdullahi,clinical_hospital_archive,control,CONTROL,Aminu Kano Teaching Hospital / NKDC Kano,Siemens,MAGNETOM_ESSENZA,1.5,2D,4.5,6.12,0.489,0.0089,90,False,t1_se_tra_320,t1_se_tra_320,260,320,24,3.1616015434265137,4276.54973945464,5573.046631825855,24.916581338038668,0.7673629922693732,0.0058263279643781,0.5521235521235521,-0.041927974136752,82.7090072631836,1.0,0.7673629922693732
sub-con066,kano_Muhammad_Zara,clinical_hospital_archive,control,CONTROL,Aminu Kano Teaching Hospital / NKDC Kano,Siemens,MAGNETOM_ESSENZA,1.5,2D,5.0,6.8,0.509,0.0089,90,False,t1_se_tra_320,t1_se_tra_320,260,320,25,3.5128908157348633,4977.790820705006,6527.369096961105,25.12770772515796,0.7626029333966231,0.0050479637715268,0.5521235521235521,-0.0622368132267518,76.9166259765625,1.0,0.7626029333966231
sub-con067,kano_Rahinatu_Haruna,clinical_hospital_archive,control,CONTROL,Aminu Kano Teaching Hospital / NKDC Kano,Siemens,MAGNETOM_ESSENZA,1.5,2D,5.0,6.8,0.489,0.0089,90,False,t1_se_tra_320,t1_se_tra_320,260,320,24,3.5128908157348633,4865.71906625852,5967.853418515064,20.079683679156005,0.8153214774281806,0.0041267659323776,0.5521235521235521,-0.0762570897203386,72.84273529052734,1.0,0.8153214774281806
sub-con068,kano_Suwaiba_Shuaibu,clinical_hospital_archive,control,CONTROL,Aminu Kano Teaching Hospital / NKDC Kano,Siemens,MAGNETOM_ESSENZA,1.5,2D,5.0,6.8,0.446,0.0089,90,False,t1_se_tra_320,t1_se_tra_320,260,320,22,3.5128908157348633,4179.310747179436,5694.459180933889,8.072623004671186,0.7339258416624614,0.0019315680247321,0.5521235521235521,-0.07399637053493,93.44994354248048,1.0,0.7339258416624614
