parameter,mean,std,hdi_2.5%,median_50%,hdi_97.5%,r_hat,ess_bulk
alpha (Global Baseline),0.793039723520628,0.005742456366663344,0.7812968952095518,0.792477237574619,0.8052650103173097,1.028579639367824,109
delta (Contrast Effect),0.03405957851334798,0.009643628490679545,0.015381011326294517,0.0334856746215286,0.0536484785335525,1.044530856030775,95
sigma_0 (Baseline Noise),0.05135482750940854,0.002701884127385095,0.04653004758853079,0.0513005592965892,0.05701720281648052,1.0012644404843207,382
lambda (Slice Noise Scale),0.11275454171995401,0.03416232434117373,0.04397917393780123,0.11362917283767629,0.17978751403783944,1.0411875065739116,129
tau_beta (Disorder SD),0.003063412921010994,0.0050934241079242226,0.000279843430670791,0.0007619848451648021,0.016650612326270672,1.1121162352966643,51
tau_gamma (Site SD),0.05713725465145316,0.022179808931399578,0.028365703940021404,0.05138142372556345,0.11107261922982743,1.0974358105625104,60
beta_CONTROL (Ref=0),0.0,0.0,0.0,0.0,0.0,1.0,2000
beta_DEMENTIA,-0.0012278826221610863,0.0037847773821196766,-0.011503530849984516,-0.00015061879858609202,0.004865297299178146,1.0361430184949172,202
beta_EPILEPSY,-0.00014817966566015785,0.004147715482210773,-0.009599700167665853,-0.00020849908860074567,0.008595204825534565,1.0002423129735085,317
beta_HYDROCEPHALUS,0.00017225627722285163,0.003271431621883724,-0.0070383365886619205,2.628355530146927e-05,0.009047051770965087,1.0014555767902502,147
beta_PARKINSON,0.0020002055965413737,0.005374299242299324,-0.0023235018653921012,0.00016145240539440882,0.019063979934699493,1.064241867542266,190
gamma_AKTH_NKDC,-0.024263715600040887,0.011850133346797471,-0.04853363746951313,-0.024122179593602085,-0.0016512559964598755,1.0179129272081007,259
gamma_BMH,0.01658873301052681,0.01263254979782729,-0.007260921985227101,0.016253077499755554,0.0426400139003615,1.008593009415037,245
gamma_IDC,-0.07223524869189425,0.009223865180190215,-0.09006135362710578,-0.07230121408448287,-0.052430986071730704,1.0099785848409393,345
gamma_LifeBridge,0.032052480457382,0.015570465794044313,0.001975541405512331,0.03211212117448663,0.062337029823744616,1.0215432915852762,173
gamma_RSUTH,0.06365042119009368,0.006982809328771589,0.04988310245069399,0.06385831247411627,0.07696372692278945,1.0054763846572339,367
gamma_UPTH,-0.01579267036606735,0.008821368513596528,-0.03397823360643134,-0.015469471616772972,0.0013341079575825959,1.027526209412493,230
ICC_disorder (Biological Share),0.005701019187303912,0.020145749022663893,1.410915686908306e-05,8.349519343386711e-05,0.05138199175405728,1.0420550797033477,118
ICC_site (Scanner Share),0.5135973546986725,0.16429390602509933,0.23507702526363822,0.49981279928008204,0.8238235329749856,1.0719624434864603,95
